;ANNEE;CD_STATION;NBPREL;MOYPTOT;MAXPTOT;MINMOLRECH;MAXMOLRECH;MINMOLQ;MAQMOLQ
0;2009;00057X0248/F4;1;0.0;0.0;62;62;0;0
1;2009;00061X0118/F8;2;0.025;0.04;62;63;1;2
2;2009;00066X0042/SO;2;0.29;0.35;31;31;2;2
3;2009;00071X0015/F;2;0.0;0.0;31;31;0;0
4;2009;00075X0158/F15;2;0.21;0.4;31;31;1;4
5;2009;00085X0063/F2;2;0.0;0.0;31;31;0;0
6;2009;00103X0308/F3;1;0.03;0.03;62;62;1;1
7;2009;00108X0005/GC1;2;0.16;0.18;62;63;2;2
8;2009;00115X0030/P1;2;0.295;0.3;62;63;2;2
9;2009;00116X0001/P1;1;0.16;0.16;63;63;2;2
10;2009;00118X0027/SO;2;0.095;0.1;31;31;2;2
11;2009;00118X0039/F;2;0.0;0.0;31;31;0;0
12;2009;00122X0001/F1;1;0.03;0.03;62;62;1;1
13;2009;00126X0128/SO;2;0.98;1.92;31;31;1;5
14;2009;00127X0336/F;2;0.295;0.37;43;43;4;5
15;2009;00144D0129/F1;2;0.0;0.0;31;31;0;0
16;2009;00163X0081/F;1;0.05;0.05;62;62;1;1
17;2009;00163X0083/F3;1;0.12;0.12;63;63;2;2
18;2009;00164X0059/P1;1;0.13;0.13;62;62;2;2
19;2009;00164X0069/F1;1;0.18;0.18;63;63;3;3
20;2009;00167X0003/F1;10;0.253;0.3;39;63;3;5
21;2009;00171X0113/P1;11;0.261818181818;0.32;39;41;2;3
22;2009;00173X0047/SO;2;0.125;0.14;31;31;2;2
23;2009;00176X0057/SO;2;0.045;0.06;31;31;1;2
24;2009;00177X0047/SO1;2;0.08;0.09;31;31;2;2
25;2009;00178X0020/SO;2;0.01;0.02;31;31;0;1
26;2009;00181X0088/E1;2;0.155;0.16;31;31;2;2
27;2009;00182X0001/S1;2;0.115;0.15;31;31;2;3
28;2009;00186X0005/SO;2;0.17;0.25;31;31;2;3
29;2009;00188X0063/SO1;2;0.02;0.04;31;31;0;2
30;2009;00188X0067/F3;1;0.02;0.02;63;63;1;1
31;2009;00192X0137/F2BIS;1;0.02;0.02;63;63;1;1
32;2009;00194D0214/F1;1;0.01;0.01;62;62;1;1
33;2009;00195X0163/F1;1;0.02;0.02;63;63;1;1
34;2009;00197X0113/F1;2;0.095;0.12;63;63;3;4
35;2009;00198X0235/F2;1;0.05;0.05;62;62;2;2
36;2009;00198X0326/F1;2;0.125;0.16;31;31;3;5
37;2009;00201B0019/F19;1;0.02;0.02;62;62;1;1
38;2009;00208X0002/F1;1;0.0;0.0;62;62;0;0
39;2009;00215X0187/PZAE;2;0.0;0.0;31;50;0;0
40;2009;00238X0067/F1;1;0.0;0.0;12;12;0;0
41;2009;00241X0230/HY;2;0.04;0.07;33;33;1;2
42;2009;00248X0053/F2;1;0.05;0.05;63;63;2;2
43;2009;00251X0005/P1;1;0.03;0.03;62;62;1;1
44;2009;00252X0003/P1;1;0.2;0.2;62;62;3;3
45;2009;00253X0031/F1;1;0.11;0.11;63;63;2;2
46;2009;00256X0090/SO1;2;0.035;0.04;42;42;1;1
47;2009;00262X0040/SO1;2;0.045;0.05;31;31;1;1
48;2009;00266X0017/SO;2;0.065;0.08;42;42;2;3
49;2009;00267X0355/F1;2;0.0;0.0;33;33;0;0
50;2009;00268X0021/SO;2;0.24;0.33;43;43;5;7
51;2009;00275X0028/SO;2;0.075;0.09;31;31;2;2
52;2009;00285X0375/SO1;2;0.035;0.05;33;33;1;2
53;2009;00324X0043/HY;2;0.71;0.79;44;44;6;6
54;2009;00325X0072/PZ1;2;0.17;0.2;31;50;2;3
55;2009;00326X0110/EOLIE;1;0.47;0.47;31;31;3;3
56;2009;00328X0014/HY;2;0.14;0.15;31;31;2;3
57;2009;00328X0054/MY;2;0.2;0.21;31;31;4;4
58;2009;00332X0065/PZ1;2;1.395;1.52;31;50;5;7
59;2009;00335X0141/FEXPL1;1;0.0;0.0;12;12;0;0
60;2009;00343X0001/HY;2;0.02;0.02;31;31;1;1
61;2009;00343X0047/HY;2;0.1;0.11;31;31;1;2
62;2009;00344X0058/SO1;2;0.16;0.16;31;31;2;2
63;2009;00345X0052/HY;2;0.005;0.01;31;31;0;1
64;2009;00346X0010/F1;1;0.0;0.0;12;12;0;0
65;2009;00353X0059/F1;1;0.0;0.0;62;62;0;0
66;2009;00354X0097/F1;1;0.06;0.06;31;31;3;3
67;2009;00356X0045/HY;2;0.08;0.09;42;42;2;3
68;2009;00364X0044/P1;1;0.0;0.0;62;62;0;0
69;2009;00368X0052/SO1;2;0.56;0.62;32;32;6;7
70;2009;00368X0053/SO1;2;0.05;0.05;31;31;1;1
71;2009;00372X0075/P1;1;0.02;0.02;62;62;1;1
72;2009;00376X0009/F1;1;0.06;0.06;62;62;2;2
73;2009;00378X0030/SO1;2;0.205;0.25;31;31;2;2
74;2009;00378X0136/SO1;2;0.105;0.11;31;31;2;2
75;2009;00381X0083/SO1;1;0.05;0.05;42;42;2;2
76;2009;00406X0006/PAEP;5;0.006126;0.03;57;268;0;2
77;2009;00428X0038/HY;6;0.0;0.0;163;234;0;0
78;2009;00436X0069/HY;1;0.0;0.0;234;234;0;0
79;2009;00436X0180/F2;2;0.0;0.0;234;234;0;0
80;2009;00438X0009/HY;1;0.0;0.0;234;234;0;0
81;2009;00443X0017/HY;1;0.122;0.122;234;234;2;2
82;2009;00453X0080/HY;2;0.015;0.02;31;31;1;1
83;2009;00456X0025/HY;2;0.025;0.04;33;33;1;2
84;2009;00457X0036/HY;2;0.01;0.02;33;33;0;1
85;2009;00464X0050/HY;2;0.055;0.06;33;33;2;2
86;2009;00464X0113/HY;2;0.06;0.06;42;42;2;2
87;2009;00468X0028/HY;2;0.04;0.04;31;31;2;2
88;2009;00471X0075/P.ART;1;0.02;0.02;44;44;1;1
89;2009;00473X0044/F;1;0.01;0.01;31;31;1;1
90;2009;00474X0078/F;1;0.0;0.0;13;13;0;0
91;2009;00477X0091/PIEZO;2;0.02;0.03;31;50;1;2
92;2009;00478X0099/F01;1;0.0;0.0;31;31;0;0
93;2009;00482X0083/F;1;0.01;0.01;31;31;1;1
94;2009;00485X0056/HY;2;0.085;0.09;42;42;2;3
95;2009;00486X0080/F;1;0.72;0.72;31;31;5;5
96;2009;00488X0027/HY;3;0.0233333333333;0.05;32;32;0;2
97;2009;00488X0042/F;1;0.1;0.1;31;31;2;2
98;2009;00494X0155/HY;2;0.08;0.08;42;42;2;2
99;2009;00495X0066/F;4;0.085;0.13;31;43;2;3
100;2009;00496X0033/HY;2;0.135;0.22;42;42;2;2
101;2009;00501X0038/HY;2;0.105;0.12;42;42;2;2
102;2009;00512X0204/P;2;0.0;0.0;228;231;0;0
103;2009;00515X0118/HY;2;0.015;0.03;228;231;0;1
104;2009;00517X0030/SCE;4;0.575;0.74;228;231;2;3
105;2009;00518X0001/S1AEP;2;0.0;0.0;228;231;0;0
106;2009;00518X0011/SO;4;0.2475;0.79;228;231;1;5
107;2009;00535X0003/PAEP;4;0.005075;0.02;56;268;0;1
108;2009;00567X0040/HY;3;0.09;0.128;234;236;2;4
109;2009;00568X0045/P;11;0.0363636363636;0.135;234;236;0;3
110;2009;00574X0138/F;3;0.064;0.073;164;234;2;2
111;2009;00575X0137/HY;12;0.0995;0.151;233;236;1;3
112;2009;00578X0007/HY;9;0.161666666667;0.525;234;236;1;4
113;2009;00581X0004/F;4;0.0;0.0;199;234;0;0
114;2009;00583X0003/F;3;0.0306666666667;0.069;163;234;0;2
115;2009;00595X0009/HY;1;0.063;0.063;234;234;2;2
116;2009;00596X0030/F;3;0.0;0.0;163;234;0;0
117;2009;00601X0040/111111;3;0.094;0.125;164;234;2;2
118;2009;00602X0017/P;3;0.0333333333333;0.069;163;234;0;2
119;2009;00606X0081/S;2;0.0275;0.03;234;234;1;2
120;2009;00607X0228/F;3;0.0493333333333;0.061;164;234;2;2
121;2009;00608X0060/HY;4;0.28325;0.334;234;236;2;3
122;2009;00616X0022/HY;2;0.155;0.16;33;33;2;3
123;2009;00617X0017/HY;2;0.11;0.12;33;33;2;3
124;2009;00624X0048/HY;2;0.045;0.05;42;42;2;2
125;2009;00625X0031/HY;2;0.005;0.01;31;31;0;1
126;2009;00627X0005/PC;1;0.0;0.0;13;13;0;0
127;2009;00633X0103/F;1;0.0;0.0;31;31;0;0
128;2009;00633X0104/F;1;0.33;0.33;31;31;7;7
129;2009;00633X0130/F01;1;0.32;0.32;32;32;6;6
130;2009;00634X0098/HY;2;0.025;0.03;42;42;1;1
131;2009;00635X0092/PZ2001;2;0.03;0.04;31;50;1;1
132;2009;00641X0089/F;1;0.0;0.0;13;13;0;0
133;2009;00642X0086/F01;1;0.0;0.0;31;31;0;0
134;2009;00644X0016/F;1;0.01;0.01;32;32;1;1
135;2009;00647X0236/PZ1;2;0.105;0.14;31;50;2;2
136;2009;00648X0142/F01;1;0.02;0.02;31;31;1;1
137;2009;00652X0053/F;1;0.0;0.0;12;12;0;0
138;2009;00653X0002/F;4;0.0;0.0;228;231;0;0
139;2009;00656X0029/F;1;0.0;0.0;231;231;0;0
140;2009;00663X0121/F2;1;0.0;0.0;234;234;0;0
141;2009;00671X0049/P-C;4;0.48;0.68;228;231;2;3
142;2009;00673X0096/S.GOIN;4;0.435;0.55;228;231;2;4
143;2009;00675X0141/F.AEP;4;0.5075;0.86;228;231;2;4
144;2009;00678X0003/PAEP;1;0.0;0.0;231;231;0;0
145;2009;00681X0032/SAEP2;5;0.252;0.46;56;231;1;3
146;2009;00682X0027/SAEP;8;0.09761375;0.13091;56;270;2;3
147;2009;00683X0023/SAEP1;6;0.00666666666667;0.04;263;270;0;1
148;2009;00684X0011/SAEP;1;0.0;0.0;268;268;0;0
149;2009;00687X0003/SAEP;6;0.255083333333;0.3103;263;270;1;3
150;2009;00692X0044/AEP;2;0.00015;0.0003;268;268;0;1
151;2009;00696X0046/SAEP;2;0.00037;0.00042;268;268;2;2
152;2009;00697X0051/SAEP;5;0.20243;0.27;263;270;2;4
153;2009;00698X0004/P4AEP;3;0.00666666666667;0.02;55;268;0;1
154;2009;00698X0027/SAEP;3;0.0433333333333;0.11;55;268;0;2
155;2009;00724X0018/F1;3;0.0286666666667;0.036;95;234;1;1
156;2009;00726X0004/FE1;3;0.0;0.0;95;234;0;0
157;2009;00728X0030/C1;3;0.08;0.098;95;234;1;2
158;2009;00728X0042/F1;3;0.0;0.0;94;234;0;0
159;2009;00732X0007/C1;2;0.0;0.0;234;234;0;0
160;2009;00732X0014/F10;4;0.59675;1.207;233;236;3;10
161;2009;00746X0062/HY;5;0.1184;0.199;164;236;2;3
162;2009;00753X0050/F;3;0.117333333333;0.146;164;234;2;3
163;2009;00756X0040/F;14;0.047;0.067;164;236;1;2
164;2009;00756X0151/F1;4;0.00725;0.029;234;236;0;1
165;2009;00765X0025/HY;2;0.0895;0.106;234;234;2;2
166;2009;00767X0021/F;12;0.155583333333;0.282;164;236;2;5
167;2009;00777X0024/F;3;0.195666666667;0.231;234;236;2;2
168;2009;00782X0138/HY;2;0.0535;0.056;234;234;1;1
169;2009;00783X0009/HY;2;0.0045;0.009;234;234;0;1
170;2009;00784X0017/F.1978;4;0.1345;0.161;234;236;2;2
171;2009;00785X0001/F;4;0.22675;0.246;234;236;2;2
172;2009;00792X0042/P;4;0.28;0.42;228;231;2;4
173;2009;00806X0004/P;3;0.0133333333333;0.04;86;231;0;1
174;2009;00811X0013/MY;2;0.03;0.04;31;31;1;1
175;2009;00813X0050/P;2;0.205;0.23;227;228;2;3
176;2009;00814X0065/P;2;0.175;0.19;231;231;2;3
177;2009;00816X0062/F;2;0.0;0.0;228;231;0;0
178;2009;00818X0054/HY;2;0.01;0.02;228;231;0;1
179;2009;00825X0015/F;1;0.01;0.01;231;231;1;1
180;2009;00825X0128/111111;3;0.01;0.03;86;231;0;1
181;2009;00832X0085/HY;2;0.28;0.45;228;231;2;7
182;2009;00843X0060/F.AEP;2;0.0;0.0;228;231;0;0
183;2009;00845X0005/F;4;0.12;0.21;228;231;1;3
184;2009;00845X0018/HY;4;1.185;1.38;228;231;3;4
185;2009;00853X0024/SAEP;5;0.338;0.54;56;231;2;3
186;2009;00861X0001/PAEP;3;0.03;0.07;55;231;0;2
187;2009;00861X0032/PAEP;1;0.0;0.0;231;231;0;0
188;2009;00864X0032/SAEP;5;0.06;0.11;263;270;0;2
189;2009;00868X0013/SAEP;3;0.05;0.12;56;231;0;2
190;2009;00871X0021/SAEP;6;0.0134266666667;0.08;263;270;0;1
191;2009;00873X0018/SAEP;6;0.0166666666667;0.03;56;270;0;2
192;2009;00876X0011/S1;5;0.592072;0.73;263;270;2;3
193;2009;00878X0012/SO;6;0.0618;0.0903;263;270;1;3
194;2009;00878X0019/SAEP;6;0.0917333333333;0.11;263;270;2;3
195;2009;00883X0044/SAEP3;4;0.0;0.0;56;268;0;0
196;2009;00883X0046/SAEP2;2;0.0;0.0;268;268;0;0
197;2009;00887X1007/SAEP1;6;0.00333333333333;0.0186;263;270;0;1
198;2009;00888X0052/HY;5;0.304048;0.4;263;270;3;4
199;2009;00938X0025/FD1;1;0.0;0.0;234;234;0;0
200;2009;00945X0013/P1;4;0.10075;0.133;234;236;1;2
201;2009;00946X0035/F3;1;0.0;0.0;234;234;0;0
202;2009;00955X0007/C1;4;0.04025;0.072;234;236;0;2
203;2009;00955X0050/F1;2;0.0;0.0;95;234;0;0
204;2009;00978X0011/C1;2;0.0545;0.058;234;234;1;1
205;2009;00983X0193/F;2;0.0;0.0;145;234;0;0
206;2009;00986X0085/S;2;0.028;0.03;234;234;1;1
207;2009;00991X0128/F2;2;0.0;0.0;163;234;0;0
208;2009;00994B0114/F;2;0.0235;0.027;234;234;1;1
209;2009;00996X0002/PC;13;0.009;0.072;145;236;0;2
210;2009;01001B0153/HY;4;0.0455;0.068;234;236;1;2
211;2009;01005K0047/F1;6;0.282333333333;0.478;164;236;5;9
212;2009;01007X0115/F;1;0.035;0.035;234;234;1;1
213;2009;01022X0045/HY;2;0.0;0.0;234;234;0;0
214;2009;01025X0047/F;2;0.015;0.03;87;234;0;2
215;2009;01035X0030/F;1;0.03;0.03;231;231;1;1
216;2009;01044X0155/P;4;0.1725;0.38;228;231;1;3
217;2009;01053X0004/P;1;0.08;0.08;231;231;3;3
218;2009;01056X0108/HY;2;0.14;0.15;228;231;1;2
219;2009;01076X1005/SAEP;4;0.105;0.22;228;231;0;4
220;2009;01078X0001/PAEP;5;0.3;0.49;58;231;2;9
221;2009;01082X0014/PAEP;2;0.15;0.17;228;231;1;1
222;2009;01084X0018/F;2;0.155;0.19;228;231;3;3
223;2009;01092X0009/PAEP;2;0.205;0.34;228;231;1;1
224;2009;01092X0017/SAEP;5;0.328;0.55;56;231;1;2
225;2009;01093X0005/PAEP;2;0.015;0.03;55;231;0;1
226;2009;01103X0032/SAEP;6;0.238416666667;0.29;263;270;2;3
227;2009;01103X0065/FE2;2;0.035;0.07;55;231;0;1
228;2009;01105X0109/P2;2;0.0;0.0;228;231;0;0
229;2009;01112X0010/P1;4;0.0505;0.062;268;377;1;3
230;2009;01113X0008/HY;6;0.208216666667;0.2703;268;377;2;9
231;2009;01114X0044/HY;7;0.0681885714286;0.167;263;377;0;13
232;2009;01115X0110/F;8;0.23976375;0.3227;3;377;2;12
233;2009;01116X0086/HY;7;0.304865714286;0.4;263;377;2;10
234;2009;01116X0098/HY;6;0.0;0.0;263;270;0;0
235;2009;01117X0120/SCE;6;0.07;0.19;263;270;0;2
236;2009;01121X0011/HY;6;0.321666666667;0.42;263;270;4;5
237;2009;01123X0013/HY;7;0.0693142857143;0.104;263;377;1;12
238;2009;01124X0026/HY;7;0.454011428571;2.34;263;377;0;13
239;2009;01131X0008/F;5;0.005786;0.02871;263;270;0;2
240;2009;01131X0045/HY;6;0.000118333333333;0.00038;263;270;0;1
241;2009;01131X0046/HY;5;0.024042;0.04;263;270;1;1
242;2009;01141X0015/F;2;0.0;0.0;268;376;0;0
243;2009;01143X0019/P1;4;0.00537;0.021;268;376;0;4
244;2009;01143X0039/HY;2;0.18513;0.23;268;268;2;3
245;2009;01143X0046/HY;6;0.281926666667;0.5;263;270;2;3
246;2009;01144X0004/S;2;0.12899;0.17772;268;268;3;4
247;2009;01144X0015/HY;6;1.03840166667;1.53;263;270;2;5
248;2009;01144X0019/HY;6;0.14395;0.3005;263;270;1;6
249;2009;01145X0021/F;3;0.02;0.06;268;268;0;1
250;2009;01146X0011/P1;6;0.00352;0.02;263;270;0;3
251;2009;01168X0005/F1;5;0.1506;0.236;57;236;1;3
252;2009;01168X0034/F1;2;0.0;0.0;234;234;0;0
253;2009;01172X0010/F;5;0.1202;0.19;95;236;1;3
254;2009;01172X0066/F2;2;0.121;0.152;95;234;2;2
255;2009;01176X0004/P;6;0.23;0.307;54;236;3;3
256;2009;01178X0009/FD1;4;0.1575;0.18;95;236;1;1
257;2009;01183X0075/F1;8;0.358125;0.556;92;236;4;4
258;2009;01184X0027/C1;1;0.07;0.07;95;95;1;1
259;2009;01184X0051/F2;5;0.2616;0.309;54;236;3;3
260;2009;01185X0010/C1;2;0.0255;0.027;234;234;1;2
261;2009;01188X0018/F2;2;0.0;0.0;234;234;0;0
262;2009;01191X0239/F;2;0.0;0.0;234;234;0;0
263;2009;01193X0187/F2;4;0.0335;0.079;234;236;0;1
264;2009;01194X0157/F2;7;0.156714285714;0.41;92;236;1;4
265;2009;01196X0042/C4;2;0.1155;0.119;234;234;2;2
266;2009;01204X0045/FE1;1;0.11;0.11;234;234;2;2
267;2009;01205X0109/F6;7;0.0711428571429;0.124;41;236;0;3
268;2009;01205X0135/C1;4;0.25875;0.272;234;236;5;6
269;2009;01206X0146/FB1;1;0.0;0.0;234;234;0;0
270;2009;01213X0250/FP1;1;0.0;0.0;234;234;0;0
271;2009;01215X0040/C1;7;0.141;0.16;54;236;1;2
272;2009;01215X0103/C1;4;0.02325;0.093;38;234;0;2
273;2009;01224X0003/S;12;0.0517375;0.13285;234;236;1;3
274;2009;01228X0001/S;1;0.0;0.0;234;234;0;0
275;2009;01233X0010/S;2;0.0225;0.045;234;234;0;2
276;2009;01241X0314/F;2;0.0;0.0;145;234;0;0
277;2009;01242X0521/F1.AEP;2;0.041;0.042;233;234;1;1
278;2009;01251X0045/F;2;0.0105;0.021;234;234;0;1
279;2009;01253X0082/F;2;0.115;0.12;234;234;1;1
280;2009;01254X0070/F;4;0.1225;0.19;234;236;2;3
281;2009;01254X0257/P;4;0.2225;0.272;234;236;3;5
282;2009;01258X0072/F;3;0.387;0.439;234;236;5;7
283;2009;01262X0009/P;2;0.0;0.0;234;234;0;0
284;2009;01263X0055/P;2;0.023;0.026;234;234;1;1
285;2009;01273X0031/HY;4;0.4325;0.45;228;231;2;3
286;2009;01275X0016/P;2;0.098;0.196;234;236;0;2
287;2009;01277X0181/F;2;0.1185;0.215;233;234;1;3
288;2009;01282X0165/F;3;0.0133333333333;0.02;87;231;0;1
289;2009;01288X0039/HY;2;0.075;0.08;229;231;1;1
290;2009;01293X0021/F;1;0.0;0.0;231;231;0;0
291;2009;01294X0052/HY;2;0.0;0.0;228;231;0;0
292;2009;01296X0033/HY;4;0.15525;0.169;234;236;2;2
293;2009;01296X0064/P;4;0.2235;0.39;234;236;2;3
294;2009;01306X0044/HY;4;0.46375;1.318;234;236;3;4
295;2009;01306X0070/HY;1;0.28;0.28;234;234;3;3
296;2009;01307X0117/SCE;4;0.006;0.024;234;236;0;1
297;2009;01308X0089/P;2;0.037;0.04;234;234;1;1
298;2009;01312X0084/F1AEP;1;0.15;0.15;231;231;3;3
299;2009;01318X0002/SAEP;2;0.3;0.41;228;231;3;5
300;2009;01318X0042/SAEP;2;0.215;0.23;228;231;3;6
301;2009;01321X0011/FAEP;5;0.224;0.29;58;231;2;5
302;2009;01323X0005/FAEP;3;0.0;0.0;228;231;0;0
303;2009;01326X0041/FAEP;4;0.9675;1.84;227;228;2;9
304;2009;01327X0055/PAEP86;4;0.62;0.97;228;231;5;11
305;2009;01332X1010/F;2;0.035;0.06;228;231;1;1
306;2009;01334X0010/SAEP;4;0.015;0.03;228;231;0;1
307;2009;01335X0001/FAEP;2;0.02;0.04;228;231;0;1
308;2009;01344X1002/HY;5;0.1124;0.19;228;377;1;14
309;2009;01354X0069/HY;6;0.100123333333;0.19034;263;270;1;3
310;2009;01354X0153/F1;3;0.03539;0.04;268;268;1;2
311;2009;01355X0261/F;3;0.0756666666667;0.12;228;377;2;8
312;2009;01356X0099/HY;2;0.185;0.29;228;231;2;3
313;2009;01358X0045/PC9;6;0.00210666666667;0.012;264;270;0;2
314;2009;01358X0201/F;8;0.056735;0.1714;263;377;0;12
315;2009;01363X0007/HY;6;0.028485;0.07;263;270;1;3
316;2009;01372X0064/HY;3;0.270533333333;0.81;263;268;0;1
317;2009;01372X0196/EX;2;0.0001;0.0002;268;268;0;1
318;2009;01374X0017/HY;6;0.000596666666667;0.00228;263;270;0;3
319;2009;01377X0063/HY;6;0.836785;4.86;263;270;0;3
320;2009;01385X0059/PC;3;0.0288233333333;0.086;268;376;1;12
321;2009;01392X0054/F;3;0.01;0.03;268;376;0;3
322;2009;01392X0089/HY;3;0.0001;0.0003;268;268;0;1
323;2009;01396X0142/F2;2;0.025;0.03;268;268;1;1
324;2009;01398X0030/27;2;0.01019;0.02;268;268;1;1
325;2009;01406X0012/405;3;0.001;0.003;268;376;0;2
326;2009;01424X0021/HYD;3;0.0703333333333;0.16;95;234;1;1
327;2009;01436X0017/C1;2;0.0;0.0;234;234;0;0
328;2009;01456X0022/F;2;0.0;0.0;234;234;0;0
329;2009;01462X0132/C1;4;0.19375;0.221;234;236;3;3
330;2009;01465X0087/PS3;4;0.14975;0.282;234;236;2;3
331;2009;01468X0046/FE3-94;3;0.0;0.0;95;234;0;0
332;2009;01474X0052/P1;4;0.1685;0.191;234;236;2;2
333;2009;01477X0018/C1;2;0.038;0.039;234;234;1;1
334;2009;01482X0001/F;2;0.01;0.02;146;234;0;2
335;2009;01483X0040/PC;11;0.0693636363636;0.277;146;234;1;4
336;2009;01485X0010/C1;1;0.022;0.022;234;234;1;1
337;2009;01493X0016/F2;4;0.0735;0.088;234;236;2;3
338;2009;01497X0014/SO;3;0.017;0.026;234;236;0;1
339;2009;01501X0072/F2-94;2;0.0;0.0;145;234;0;0
340;2009;01502X0003/F;10;0.1227;0.245;145;236;0;4
341;2009;01504X0085/S;4;0.955;1.028;234;236;3;4
342;2009;01505X0005/F;1;0.031;0.031;234;234;1;1
343;2009;01506X0043/F1;4;0.0;0.0;145;236;0;0
344;2009;01508X0002/F;4;0.17625;0.189;234;236;3;3
345;2009;01511X0036/F;4;0.02;0.08;234;236;0;1
346;2009;01511X0187/F;1;0.317;0.317;234;234;4;4
347;2009;01511X0192/F;3;0.0;0.0;145;234;0;0
348;2009;01513X0029/F3;2;0.277;0.277;234;236;4;4
349;2009;01515X0003/HY3;1;0.039;0.039;234;234;1;1
350;2009;01516X0115/F2;1;0.014;0.014;234;234;1;1
351;2009;01517X0025/P1;4;0.1275;0.167;234;236;2;3
352;2009;01517X0088/F5;4;0.27075;0.313;234;236;5;7
353;2009;01518X0153/HY3;1;0.127;0.127;234;234;2;2
354;2009;01522X0053/HY;3;0.0996666666667;0.109;234;236;2;2
355;2009;01525X0007/A6;4;0.1505;0.197;73;236;2;5
356;2009;01526X0063/F;4;0.28075;0.307;76;236;3;4
357;2009;01528X0112/P3;5;0.038;0.11;75;231;0;4
358;2009;01531X0092/P;3;0.0;0.0;234;236;0;0
359;2009;01531X0096/P5;5;0.012;0.04;75;231;0;2
360;2009;01532X0113/F1;1;0.0;0.0;234;234;0;0
361;2009;01536X0030/P;4;0.0875;0.15;228;231;1;3
362;2009;01541X0050/P1;2;0.06;0.12;231;231;0;4
363;2009;01544X1029/P2;2;0.055;0.07;228;231;1;4
364;2009;01546X0065/F;2;0.0;0.0;228;231;0;0
365;2009;01555X0067/F;2;0.005;0.01;228;231;0;1
366;2009;01557X0004/P1;2;0.135;0.138;234;234;2;2
367;2009;01561X0135/P;4;0.13425;0.143;234;236;2;2
368;2009;01566X0131/SCE;3;0.234333333333;0.433;234;234;2;4
369;2009;01571X0134/F2;4;0.37825;0.448;234;236;1;2
370;2009;01573X0013/SAEP;5;0.3324;0.502;58;236;3;5
371;2009;01573X0061/SAEP;3;0.0916666666667;0.145;234;236;1;3
372;2009;01573X0147/P0;5;1.6056;2.786;58;236;7;11
373;2009;01578X0002/SAEP;5;0.114;0.129;71;236;2;3
374;2009;01578X0012/SAEP;4;0.12025;0.132;234;236;3;3
375;2009;01584X0002/FAEP;4;0.405;0.61;228;231;1;5
376;2009;01591X0002/PAEP;2;0.0;0.0;228;231;0;0
377;2009;01596X0001/PAEP;1;0.066;0.066;234;234;2;2
378;2009;01602X0007/PAEP1;2;0.08;0.09;228;231;2;2
379;2009;01604X1015/3;2;0.0;0.0;231;268;0;0
380;2009;01605X0002/FAEP;3;0.19;0.55;57;231;0;3
381;2009;01612X0002/SCE;5;0.2236;0.34;228;377;2;8
382;2009;01612X0096/HY;5;0.106;0.17;228;268;1;4
383;2009;01615X0001/HY;4;0.1775;0.27;228;231;2;4
384;2009;01621X0011/HY;7;0.00577857142857;0.02022;263;377;0;5
385;2009;01625X0078/SCE;6;0.260083333333;0.43;263;270;2;3
386;2009;01626X0010/HY;6;1e-05;6e-05;263;270;0;1
387;2009;01627X0014/HY;7;0.215714285714;0.28;2;270;2;3
388;2009;01633X0021/HY;7;0.0264857142857;0.075;263;376;0;6
389;2009;01636X0036/F;6;0.000183333333333;0.0011;263;270;0;1
390;2009;01638X0033/F1;2;1.5e-05;3e-05;268;268;0;1
391;2009;01641X0080/P1;2;0.069;0.096;376;376;9;15
392;2009;01652X0127/F3;2;0.00239;0.00478;268;375;0;1
393;2009;01658X0038/F;1;0.0;0.0;268;268;0;0
394;2009;01664X0007/F5;1;0.0;0.0;268;268;0;0
395;2009;01671X0013/HY;3;0.000156666666667;0.00047;268;268;0;1
396;2009;01675X0002/F;1;0.0;0.0;268;268;0;0
397;2009;01677X0023/HY;2;0.0;0.0;268;268;0;0
398;2009;01687X0012/SUP;2;0.0;0.0;268;268;0;0
399;2009;01687X0022/F1;2;0.0;0.0;268;268;0;0
400;2009;01695X0009/F1;2;0.0;0.0;268;268;0;0
401;2009;01707X0007/P1;2;3.07;6.1;272;272;1;4
402;2009;01716X0028/HY;5;0.04;0.08;272;272;0;2
403;2009;01727X0024/P2;4;0.20075;0.693;54;234;0;6
404;2009;01733X0003/C2;2;0.057;0.088;234;234;1;2
405;2009;01736X0025/NP1;3;0.0;0.0;95;234;0;0
406;2009;01744X0010/F1;4;0.0705;0.09;38;234;1;1
407;2009;01745X0026/C1;2;0.0;0.0;234;234;0;0
408;2009;01751X0015/F2;2;0.0;0.0;234;234;0;0
409;2009;01753X0009/C1;2;0.0565;0.062;234;234;1;1
410;2009;01756X0011/F2;4;0.167;0.216;234;236;2;2
411;2009;01764X0013/C1;3;0.213;0.233;234;236;2;3
412;2009;01767X0014/C1;3;0.328333333333;0.35;234;236;3;3
413;2009;01773X0017/C3;3;0.0283333333333;0.044;95;234;1;2
414;2009;01775X0012/C1;2;0.229;0.255;234;236;3;3
415;2009;01782X0087/F;2;0.0;0.0;234;234;0;0
416;2009;01784X0003/PC;2;0.0;0.0;145;234;0;0
417;2009;01785X0003/P1;2;0.0655;0.066;234;234;2;2
418;2009;01798X0006/P;2;0.048;0.053;115;234;1;1
419;2009;01808X2003/HY;2;0.1125;0.114;234;234;2;2
420;2009;01812X0006/F;1;0.0;0.0;234;234;0;0
421;2009;01815X0008/F;2;0.0;0.0;234;296;0;0
422;2009;01821X0012/HY;3;0.459;0.511;234;236;2;3
423;2009;01821X0066/F;3;0.135;0.147;229;236;2;2
424;2009;01823X0061/HY;3;0.146666666667;0.173;234;236;3;5
425;2009;01824X0031/F3;2;0.0;0.0;73;234;0;0
426;2009;01824X0177/F1;2;0.1115;0.134;234;234;4;5
427;2009;01824X0184/P9;3;0.0706666666667;0.139;73;234;1;4
428;2009;01825X0106/P3;2;0.032;0.064;234;234;0;1
429;2009;01832B0065/F1;1;0.0;0.0;234;234;0;0
430;2009;01832B0141/F2;2;0.0;0.0;234;236;0;0
431;2009;01832B0415/F3BIS;1;0.36;0.36;234;234;1;1
432;2009;01832B0483/PZ2;2;0.06;0.086;234;234;1;2
433;2009;01834B0118/A4;1;0.0;0.0;231;231;0;0
434;2009;01848X0009/P;12;0.491916666667;0.662;234;236;1;5
435;2009;01858X0011/P1;12;0.22475;0.373;234;236;2;4
436;2009;01864X1012/SCE;2;0.333;0.34;234;234;2;2
437;2009;01865X0003/F1;4;0.14625;0.254;234;236;0;3
438;2009;01868X0057/PAEP;4;0.25475;0.28;71;234;2;3
439;2009;01871X0063/FR;3;0.817333333333;0.926;234;236;3;4
440;2009;01876X0002/SAEP2;4;0.23875;0.266;234;236;2;2
441;2009;01877X0029/SAEP;4;0.39575;0.544;234;236;4;8
442;2009;01878X0028/FAEP1;2;0.0;0.0;234;234;0;0
443;2009;01878X0032/PAEP2;5;0.1228;0.17;71;236;3;8
444;2009;01882X0020/P;2;0.013;0.026;234;234;0;1
445;2009;01884X0023/FAEP;1;0.0;0.0;234;234;0;0
446;2009;01892X0008/PU;3;1.38166666667;3.924;234;236;3;6
447;2009;01898X0020/PAEP;2;0.0;0.0;57;234;0;0
448;2009;01905X0024/PAEP;2;0.055;0.09;228;231;1;2
449;2009;01907X0016/FAEP;4;0.00625;0.023;117;236;0;1
450;2009;01907X0020/FAEP;2;0.032;0.033;234;234;1;1
451;2009;01907X0048/SERMF1;1;0.0;0.0;234;234;0;0
452;2009;01908X0043/F2;3;0.016;0.03;231;377;0;4
453;2009;01913X0013/F;4;0.0175;0.04;228;231;0;2
454;2009;01915X0041/F1;5;0.0844;0.127;234;268;1;3
455;2009;01916X0013/HY;6;0.124233333333;0.201;234;377;1;9
456;2009;01917X0003/HY;3;0.00866666666667;0.016;228;377;0;7
457;2009;01922X0006/F;4;0.0373;0.0502;268;377;1;6
458;2009;01923X0003/SCE;1;0.02117;0.02117;268;268;3;3
459;2009;01925X0020/SCE;5;0.026;0.09;263;270;0;2
460;2009;01927X0005/HY;7;0.211742857143;0.34;263;377;1;6
461;2009;01936X0019/HY;6;3.5e-05;0.00021;264;270;0;1
462;2009;01937X0004/F;6;0.0;0.0;264;270;0;0
463;2009;01937X0032/HY;6;0.000108333333333;0.00037;263;270;0;2
464;2009;01938X0055/HY;2;0.043;0.066;268;377;1;10
465;2009;01938X0105/P2;6;0.0214016666667;0.128;263;377;0;14
466;2009;01938X0151/SCE6;2;0.14512;0.23;268;268;2;2
467;2009;01944X0002/F;4;0.0773025;0.129;268;376;1;6
468;2009;01945X0052/HY;5;0.0;0.0;263;270;0;0
469;2009;01957X0037/F;2;0.00017;0.00034;268;376;0;1
470;2009;01957X0045/HY;2;0.035;0.04;268;268;1;1
471;2009;01967X0001/F;3;3.33333333333e-05;0.0001;268;268;0;1
472;2009;01978X0003/HY;2;0.075615;0.08;268;268;2;3
473;2009;01987X0072/F2B;3;0.0;0.0;63;268;0;0
474;2009;01987X0117/F;2;0.0;0.0;268;268;0;0
475;2009;01991X0079/F;2;0.1451;0.1902;268;268;3;4
476;2009;01992X0071/F;10;0.006;0.04;6;270;0;2
477;2009;01996X0023/F;2;0.06;0.07;268;268;1;1
478;2009;01996X0168/F2;10;0.038;0.07;6;270;0;2
479;2009;02016X0036/P1;6;0.0441666666667;0.055;84;272;1;2
480;2009;02025X0004/HY;2;0.0;0.0;272;272;0;0
481;2009;02026X0028/F1;2;0.145;0.16;272;272;2;2
482;2009;02028X0015/P1;5;0.0;0.0;272;272;0;0
483;2009;02032X0043/PUITS;6;0.265;0.49;3;272;0;3
484;2009;02042X0021/HY;2;0.0;0.0;272;272;0;0
485;2009;02048X0053/P1;2;0.11;0.11;272;272;1;1
486;2009;02084X0014/HY;3;0.032;0.039;95;234;1;1
487;2009;02091X0002/S2;2;0.0;0.0;234;234;0;0
488;2009;02093X0004/S6;4;0.1425;0.57;95;234;0;1
489;2009;02097X0010/C1;2;0.0;0.0;234;234;0;0
490;2009;02098X0021/C1;2;0.045;0.058;234;234;1;1
491;2009;02102X0024/S6;3;0.026;0.03;95;234;1;1
492;2009;02104X0036/C3;3;0.0153333333333;0.025;95;234;0;1
493;2009;02105X0012/C1-C2;2;0.0;0.0;95;116;0;0
494;2009;02106X0018/C2;2;0.0;0.0;234;234;0;0
495;2009;02111X0017/C1;2;0.0;0.0;234;234;0;0
496;2009;02116X0002/CA;2;0.025;0.05;272;272;0;1
497;2009;02121X0020/F1;4;0.14175;0.147;234;236;3;3
498;2009;02123X0018/S6-DDA;4;0.0945;0.133;234;236;2;4
499;2009;02131X0017/F1;3;0.00733333333333;0.022;95;234;0;1
500;2009;02133X0012/F-AEP9;2;0.0115;0.023;234;234;0;1
501;2009;02134X0005/C1;3;0.095;0.131;234;236;1;2
502;2009;02137X0011/S1;4;0.091;0.105;234;236;2;2
503;2009;02143X0031/F1;3;0.0223333333333;0.067;95;234;0;1
504;2009;02153X0026/P;2;0.116;0.189;234;234;1;4
505;2009;02165X0020/PFAEP;2;0.02;0.04;3;234;0;1
506;2009;02168X0002/PFAEP;5;0.1038;0.118;52;296;2;3
507;2009;02173X0023/RB0008;1;0.452;0.452;234;234;3;3
508;2009;02176X0019/S;4;0.0745;0.084;234;236;1;1
509;2009;02183X0039/F1;2;0.0;0.0;234;234;0;0
510;2009;02183X0124/F1;1;0.0;0.0;234;234;0;0
511;2009;02184X0001/SP;2;0.0;0.0;234;234;0;0
512;2009;02185X0059/F;4;0.20975;0.264;73;236;2;4
513;2009;02186X0040/REC;2;0.0;0.0;234;234;0;0
514;2009;02191X0003/F;2;0.0;0.0;181;234;0;0
515;2009;02198X0059/HY;4;0.28425;0.354;234;236;4;6
516;2009;02201X0072/F2;3;0.229666666667;0.286;234;236;3;4
517;2009;02204X0020/F2;1;0.178;0.178;234;234;2;2
518;2009;02205X0098/P10;1;0.616;0.616;234;234;5;5
519;2009;02207X0029/F;10;0.1821;0.285;234;236;2;6
520;2009;02208X0005/HY;12;0.191;0.363;234;236;3;5
521;2009;02222X0019/F1;11;0.292818181818;0.445;231;236;2;4
522;2009;02226X0009/F1;11;0.739272727273;0.917;234;236;4;8
523;2009;02231X0010/FAEP;5;0.511;0.56;15;234;3;5
524;2009;02237X0020/P;2;0.517;0.526;234;234;3;4
525;2009;02241X0006/PAEP;2;0.0;0.0;234;234;0;0
526;2009;02247X0001/FAEP1;3;0.0253333333333;0.028;234;236;1;1
527;2009;02251X0001/FAEP;3;0.109333333333;0.16;234;236;1;2
528;2009;02254X0001/FAEP;1;0.0;0.0;234;234;0;0
529;2009;02257X0018/F1;1;0.0;0.0;234;234;0;0
530;2009;02261X0080/F2;1;0.0;0.0;234;234;0;0
531;2009;02262X0013/SAEP;3;0.135666666667;0.146;234;236;2;3
532;2009;02262X0044/SAEP;3;0.064;0.089;234;236;1;2
533;2009;02264X1009/P;3;0.129666666667;0.143;234;236;2;2
534;2009;02265X0011/FAEP;2;0.036;0.038;234;234;1;1
535;2009;02267X0032/PAEP;4;0.2745;0.344;234;236;2;3
536;2009;02268X0079/CHANC1;2;0.118;0.159;234;234;2;2
537;2009;02273X0010/HY;2;0.0005;0.001;234;234;0;1
538;2009;02273X0013/HY;3;0.0496666666667;0.076;234;377;0;13
539;2009;02275X0026/HY;2;0.0735;0.123;234;377;1;19
540;2009;02275X0074/F;1;0.0;0.0;234;234;0;0
541;2009;02282X0005/HY;5;0.0;0.0;268;270;0;0
542;2009;02283X0005/F;3;0.0416666666667;0.105;268;377;0;9
543;2009;02287X0013/HY;6;0.0216666666667;0.09;263;270;0;1
544;2009;02292X0044/F3;5;0.0;0.0;263;270;0;0
545;2009;02294X0014/HY;6;0.000358333333333;0.00215;263;270;0;1
546;2009;02296X0013/PR2;4;0.0421575;0.105;268;377;0;15
547;2009;02296X0021/HY;6;0.00699333333333;0.02056;263;270;0;2
548;2009;02298X0021/HY;6;0.0;0.0;264;270;0;0
549;2009;02302X0097/HY;5;0.17;0.19;263;268;2;3
550;2009;02306X0113/F;1;0.0304;0.0304;268;268;2;2
551;2009;02311X0017/F;2;0.0;0.0;268;376;0;0
552;2009;02313X0042/HY;3;0.0298866666667;0.048;268;376;1;6
553;2009;02318X0008/F;1;0.0;0.0;268;268;0;0
554;2009;02323X0049/F;2;0.00335;0.004;268;376;1;1
555;2009;02326X0012/HY;3;0.0;0.0;268;268;0;0
556;2009;02331X0007/F;2;4e-05;8e-05;268;268;0;1
557;2009;02332X0076/HY;2;0.0;0.0;268;268;0;0
558;2009;02336X0007/HY;2;0.0;0.0;268;268;0;0
559;2009;02337X0114/P4;2;0.0;0.0;268;273;0;0
560;2009;02338X0062/SCE;2;0.0451;0.0602;268;268;1;2
561;2009;02341X0046/F6;7;0.288784285714;0.41;63;270;2;6
562;2009;02342X0013/P3;4;0.027655;0.06;268;270;1;3
563;2009;02343X0022/F2;1;0.0;0.0;268;268;0;0
564;2009;02343X0023/F3;6;0.025085;0.04051;263;268;0;2
565;2009;02344X0021/F;2;0.030255;0.0603;268;268;1;3
566;2009;02344X0148/P2;8;0.0438475;0.06;6;270;1;3
567;2009;02344X0154/F1-EST;6;0.0;0.0;1;268;0;0
568;2009;02346X0016/F;2;0.003;0.0054;268;268;1;1
569;2009;02347X0021/F;3;0.12;0.22;268;268;1;1
570;2009;02347X0026/F;4;0.0275;0.11;3;268;0;3
571;2009;02347X0152/F;6;0.005;0.03;1;268;0;1
572;2009;02347X0363/INC;6;0.0;0.0;1;268;0;0
573;2009;02381X0006/PE;6;0.0983333333333;0.14;1;272;1;2
574;2009;02386X0065/S3;5;0.104;0.13;272;272;1;2
575;2009;02393X0030/HY;5;0.096;0.19;272;272;1;3
576;2009;02397X0006/F28;2;0.0;0.0;272;272;0;0
577;2009;02402X0008/C8;2;0.0;0.0;272;272;0;0
578;2009;02408X0017/HY;2;0.0;0.0;272;272;0;0
579;2009;02414X0026/P1;2;0.015;0.03;272;272;0;1
580;2009;02425X0026/P1;2;0.04;0.04;272;272;1;1
581;2009;02447X0057/P1;2;0.0;0.0;272;272;0;0
582;2009;02452X0042/P1;5;0.0;0.0;272;272;0;0
583;2009;02462X0038/F;2;0.0;0.0;272;272;0;0
584;2009;02467X0007/HY;2;0.0;0.0;272;272;0;0
585;2009;02472X0025/C1;2;0.0;0.0;234;234;0;0
586;2009;02472X0073/P;5;0.0;0.0;95;236;0;0
587;2009;02473X0014/C1;2;0.023;0.025;234;234;1;1
588;2009;02474X0010/C1;2;0.0;0.0;234;234;0;0
589;2009;02477X0076/HY;6;0.00233333333333;0.014;234;272;0;1
590;2009;02504X0002/C1;2;0.0;0.0;272;272;0;0
591;2009;02506X0008/P;2;0.0;0.0;272;272;0;0
592;2009;02522X0003/S1;5;0.156;0.21;176;176;1;3
593;2009;02524X0010/C1;2;0.07;0.08;176;176;1;1
594;2009;02527X0003/F;3;0.0133333333333;0.02;95;176;0;1
595;2009;02534X0007/F;2;0.0;0.0;234;296;0;0
596;2009;02548X0037/FAEP;2;0.1275;0.159;234;296;2;3
597;2009;02562X0031/P1;1;0.208;0.208;234;234;3;3
598;2009;02565X0001/P2;1;0.626;0.626;234;234;8;8
599;2009;02566X0035/F1;3;0.0;0.0;89;234;0;0
600;2009;02574X0108/F1;1;0.0;0.0;234;234;0;0
601;2009;02581X0043/P1;1;0.465;0.465;234;234;4;4
602;2009;02581X0094/F3;11;0.369727272727;0.431;234;236;4;6
603;2009;02586X0056/F1;2;0.0;0.0;175;234;0;0
604;2009;02586X0069/P3;2;0.3095;0.414;234;234;3;5
605;2009;02588X0013/HY1;12;0.542583333333;0.86;234;236;3;5
606;2009;02594X0011/F1;1;0.804;0.804;234;234;8;8
607;2009;02594X0052/P1;4;0.19875;0.26;234;236;3;4
608;2009;02597X0010/S1;11;0.193818181818;0.238;201;236;2;3
609;2009;02598X0009/P1;4;0.3345;0.35;198;236;3;4
610;2009;02601X0025/S1;11;0.489272727273;0.637;233;236;4;6
611;2009;02604X0068/PAEP;2;0.038;0.041;234;234;1;1
612;2009;02604X0097/VS0380;2;0.1535;0.211;234;234;1;3
613;2009;02605X0154/P1;1;0.102;0.102;234;234;2;2
614;2009;02611X1016/F2;3;0.103666666667;0.132;234;234;3;4
615;2009;02613X0071/PUITS;2;0.08;0.16;57;234;0;1
616;2009;02614X0019/PAEP;4;0.09125;0.127;234;236;1;1
617;2009;02617X0030/FAEP2;2;0.027;0.029;234;234;1;1
618;2009;02618X0004/PAEP;1;0.082;0.082;234;234;2;2
619;2009;02621X0008/PAEP;2;0.0;0.0;234;234;0;0
620;2009;02623X0012/PU36;3;0.0333333333333;0.04;234;236;1;1
621;2009;02624X0023/F1;2;0.1545;0.18;234;236;3;4
622;2009;02625X0006/PAEP;4;0.12025;0.2;234;236;1;2
623;2009;02635X0005/PAEP;2;0.0975;0.101;234;234;1;2
624;2009;02636X0011/PAEP;2;0.0405;0.046;234;234;1;1
625;2009;02637X0008/PAEP;4;0.089;0.11;234;236;1;2
626;2009;02645X0030/FAEP2;2;0.0;0.0;83;234;0;0
627;2009;02648X0024/SAEP;3;0.640666666667;0.678;234;236;4;4
628;2009;02648X0027/SAEP;1;0.0;0.0;234;234;0;0
629;2009;02654X0006/F3;3;0.00633333333333;0.019;234;377;0;6
630;2009;02655X0028/P.AEP;1;0.0;0.0;234;234;0;0
631;2009;02656X0010/PAEP;4;0.00525;0.021;234;236;0;1
632;2009;02657X0005/SAEP;1;0.0;0.0;234;234;0;0
633;2009;02657X0030/F2;2;0.028;0.056;234;234;0;2
634;2009;02661X0027/F;3;0.00833333333333;0.025;234;377;0;15
635;2009;02662X0009/F;3;0.009;0.027;234;377;0;6
636;2009;02663X0005/HY;6;0.026675;0.09;263;270;0;2
637;2009;02664X0005/F1;7;0.0418571428571;0.083;263;377;1;7
638;2009;02672X0035/F;5;0.006;0.03;263;270;0;1
639;2009;02673X0017/HY;5;0.044;0.1;263;270;1;2
640;2009;02677X0023/HY;6;0.0;0.0;263;270;0;0
641;2009;02677X0026/HY;2;0.0201;0.0402;268;268;0;2
642;2009;02684X0018/HY;7;0.0687514285714;0.111;263;377;2;8
643;2009;02684X0044/P2;2;0.0;0.0;268;268;0;0
644;2009;02691X0006/F3;3;0.000393333333333;0.00118;268;268;0;1
645;2009;02691X0043/F;1;0.0;0.0;268;268;0;0
646;2009;02697X0035/F2;1;0.0;0.0;268;268;0;0
647;2009;02701X0016/F;2;0.0;0.0;268;376;0;0
648;2009;02703X0041/HY;2;0.0001;0.0002;268;268;0;1
649;2009;02704X0002/S;2;0.0;0.0;268;268;0;0
650;2009;02706X0055/HY;2;0.025;0.05;268;268;0;1
651;2009;02707X0030/HY;3;0.0;0.0;268;376;0;0
652;2009;02708X0021/HY;3;0.0;0.0;63;268;0;0
653;2009;02712X0006/HY;2;0.0;0.0;268;268;0;0
654;2009;02714X0002/F;9;0.333333333333;0.95;1;268;0;2
655;2009;02714X0061/F3;5;0.193172;0.56542;263;270;0;4
656;2009;02717X0017/S8;2;0.001575;0.00315;268;268;0;1
657;2009;02717X0041/AMONT;2;0.0;0.0;268;268;0;0
658;2009;02721X0021/F;3;0.0202;0.0404;268;268;1;2
659;2009;02721X0060/P2;2;0.01526;0.03031;268;268;1;3
660;2009;02722X0152/F;2;0.000325;0.0004;268;268;1;1
661;2009;02725X0001/F;3;0.0;0.0;268;268;0;0
662;2009;02726X0002/F;8;0.0;0.0;1;269;0;0
663;2009;02754X0001/HY;2;0.02;0.04;272;272;0;1
664;2009;02791X0053/HY;5;0.0;0.0;272;272;0;0
665;2009;02793X0044/P1;5;0.0;0.0;272;272;0;0
666;2009;02808X0017/HY;2;0.0;0.0;272;272;0;0
667;2009;02822X0004/P1;5;0.0;0.0;272;272;0;0
668;2009;02827X0013/P;5;0.066;0.11;272;272;0;1
669;2009;02832X0009/P;2;0.055;0.06;272;272;2;2
670;2009;02855X0005/P;3;0.0566666666667;0.09;16;272;1;1
671;2009;02855X0008/P5;2;0.0;0.0;272;272;0;0
672;2009;02865X0001/P;2;0.0;0.0;272;272;0;0
673;2009;02877X0003/F;9;0.688888888889;1.13;137;208;2;7
674;2009;02883X0010/C1;5;0.058;0.07;176;176;2;2
675;2009;02906X0004/FAEP;5;0.022;0.06;176;176;0;2
676;2009;02915X0003/PFAEP;7;0.151142857143;0.2;52;176;2;3
677;2009;02923X0036/F;3;0.108333333333;0.135;180;236;1;3
678;2009;02925X0002/F;3;0.175;0.201;52;296;2;3
679;2009;02936X5008/F1;1;0.0;0.0;234;234;0;0
680;2009;02944X0031/P16;2;0.0575;0.115;234;234;0;2
681;2009;02948X0072/F1;4;0.21375;0.252;234;236;2;3
682;2009;02951X0079/F;4;0.14925;0.223;234;236;3;6
683;2009;02952X0154/F2;4;0.144;0.255;234;236;2;3
684;2009;02953X0108/F;4;0.058;0.069;234;236;1;1
685;2009;02954X1001/F;2;0.2465;0.249;234;234;4;4
686;2009;02958X0112/AEP;2;0.0175;0.035;234;234;0;2
687;2009;02961X0001/P1;2;0.0;0.0;234;234;0;0
688;2009;02963X0006/FAEP;2;0.053;0.086;234;234;1;3
689;2009;02965X0001/PUITS;9;0.111666666667;0.134;233;236;2;2
690;2009;02976X0017/FAEP;3;0.139;0.161;12;234;2;3
691;2009;02981X0056/FEXP;3;0.0;0.0;12;234;0;0
692;2009;02982X0012/PAEP;4;0.0;0.0;234;236;0;0
693;2009;02986X0099/PAEP;4;0.0135;0.027;234;236;0;1
694;2009;02993X0112/P2;2;0.0185;0.037;234;234;0;1
695;2009;02998X0035/PS2;4;0.032;0.055;234;236;0;1
696;2009;03004X0004/SAEP;2;0.1355;0.16;83;234;2;3
697;2009;03008X0022/SAEPS;2;0.002;0.004;234;234;0;1
698;2009;03011X0004/PAEP;2;0.024;0.027;234;234;1;1
699;2009;03015X0004/PFAEP;2;0.033;0.037;234;234;1;1
700;2009;03018X0002/SAEP5;4;0.07725;0.2;234;236;1;5
701;2009;03023X0007/HY;2;0.0;0.0;268;268;0;0
702;2009;03024X0024/D;6;0.100061666667;0.22;263;270;0;5
703;2009;03024X0037/P;3;0.334733333333;0.5548;268;268;2;7
704;2009;03025X0032/SAEP2;6;0.000113333333333;0.00068;263;270;0;2
705;2009;03028X0013/HY;6;0.000391666666667;0.00135;263;270;0;2
706;2009;03031X0013/HY;7;0.00857714285714;0.04;263;377;0;7
707;2009;03032X0006/HY;8;0.17619625;0.29;263;377;2;12
708;2009;03032X0012/HY;6;0.111666666667;0.14;263;270;2;3
709;2009;03033X0014/HY;2;0.17503;0.18;268;268;2;3
710;2009;03033X0024/HY;6;0.072085;0.13;263;270;1;3
711;2009;03042X0018/F;1;0.0;0.0;268;268;0;0
712;2009;03042X0026/S;3;0.00861666666667;0.01855;268;268;1;2
713;2009;03043X0086/HY;3;0.0;0.0;268;268;0;0
714;2009;03044X0010/F;1;0.00209;0.00209;268;268;1;1
715;2009;03045X0020/F;2;0.00048;0.00096;268;376;0;1
716;2009;03048X0023/P2;5;0.00023;0.00115;268;270;0;1
717;2009;03048X0025/P2;3;0.0;0.0;268;268;0;0
718;2009;03057X0004/HY;2;0.0;0.0;268;268;0;0
719;2009;03061X0055/HY;2;0.0;0.0;268;268;0;0
720;2009;03064X0029/HY;2;0.0;0.0;268;268;0;0
721;2009;03065X0050/HY;2;0.0;0.0;268;268;0;0
722;2009;03066X0003/PB;4;0.007825;0.031;268;377;0;8
723;2009;03074X0002/F;7;0.104602857143;0.2;6;270;1;4
724;2009;03074X0005/F;2;0.00085;0.00119;268;268;1;2
725;2009;03077X0007/P1;1;0.0;0.0;268;268;0;0
726;2009;03077X0009/P2;2;0.010355;0.02071;268;268;0;2
727;2009;03077X0097/F;26;0.0;0.0;1;269;0;0
728;2009;03081X0045/F2;2;0.0;0.0;268;268;0;0
729;2009;03081X0077/F3;2;0.0;0.0;268;268;0;0
730;2009;03082X0001/F;7;0.0415314285714;0.09;6;270;1;3
731;2009;03101X0016/P1;2;0.0;0.0;272;272;0;0
732;2009;03104X0007/HY;2;0.04;0.04;272;272;1;1
733;2009;03107X0011/HY;2;0.0;0.0;272;272;0;0
734;2009;03124X0072/P1;2;0.045;0.05;272;272;1;1
735;2009;03137X0023/P1;3;0.00666666666667;0.02;37;272;0;2
736;2009;03144X0044/HY;5;0.04;0.04;272;272;1;1
737;2009;03172X0001/P;5;0.0;0.0;272;272;0;0
738;2009;03205X0004/P;3;0.0666666666667;0.08;16;272;1;1
739;2009;03208X0013/P;3;0.01;0.03;16;272;0;1
740;2009;03211X0005/P;6;0.0;0.0;16;272;0;0
741;2009;03213X0006/SOURCE;3;0.0;0.0;137;272;0;0
742;2009;03226X0003/F;3;0.0;0.0;137;176;0;0
743;2009;03231X0010/F;3;0.106666666667;0.12;138;176;2;3
744;2009;03241X0502/F;6;0.0583333333333;0.07;138;176;1;2
745;2009;03248X0012/F;7;0.068;0.14;176;296;1;2
746;2009;03254X0107/FAEP;6;0.0865;0.12;176;296;1;3
747;2009;03272X0005/PF;6;0.310666666667;0.37;52;236;3;4
748;2009;03288X0042/P;3;291.498666667;799.267;234;236;13;20
749;2009;03292X0001/PF1;4;0.2655;0.3;234;236;2;2
750;2009;03292X0038/F1;1;0.0;0.0;234;234;0;0
751;2009;03295X1002/F;2;0.0;0.0;234;234;0;0
752;2009;03296X1032/PC1;3;0.170666666667;0.186;234;236;2;2
753;2009;03304X0008/AEP;4;0.20075;0.223;234;236;2;3
754;2009;03307X0003/HY;7;0.478285714286;0.546;233;236;4;5
755;2009;03313X0020/SOURCE;9;0.111444444444;0.402;233;236;1;3
756;2009;03316X0032/SOURCE;9;0.072;0.21;233;236;1;4
757;2009;03323X0001/SAEP;4;0.0;0.0;12;234;0;0
758;2009;03328X0023/SAEP;2;0.323;0.33;234;234;2;2
759;2009;03331X0025/25;5;0.1688;0.211;12;236;2;2
760;2009;03333X0014/PAEP2;2;0.0355;0.04;234;234;1;1
761;2009;03338X0008/S1;3;0.0356666666667;0.077;57;234;0;2
762;2009;03342X0002/PAEP1;2;0.0745;0.082;234;234;2;2
763;2009;03347X0016/SAEP;4;0.36775;0.915;234;236;1;7
764;2009;03351X0034/PAEP1;3;0.0653333333333;0.135;14;234;0;3
765;2009;03353X0029/SAEP1;3;0.0126666666667;0.038;234;236;0;1
766;2009;03356X0007/PAEP;2;0.01;0.02;234;234;0;1
767;2009;03357X0003/SAEP;2;0.0;0.0;234;234;0;0
768;2009;03366X0015/2PAEP;2;0.011;0.022;234;234;0;1
769;2009;03371X0002/SAEP;2;0.0;0.0;234;234;0;0
770;2009;03372X0031/SAEPI3;6;0.01835;0.11;263;270;0;1
771;2009;03373X0043/SAEP1;6;0.0366666666667;0.1;263;270;0;1
772;2009;03374X0003/P;2;0.000145;0.00029;268;268;0;2
773;2009;03376X0014/SAEP1;5;0.008006;0.04003;263;270;0;2
774;2009;03384X0005/F;1;0.0;0.0;268;268;0;0
775;2009;03385X0003/F;1;0.0;0.0;268;268;0;0
776;2009;03386X0007/HY;2;0.0;0.0;268;268;0;0
777;2009;03394X0142/HY;2;0.00015;0.0003;268;268;0;1
778;2009;03403X0030/HY;2;0.0;0.0;268;268;0;0
779;2009;03408X0022/SCE;2;0.0;0.0;268;268;0;0
780;2009;03423X0002/F;1;0.06;0.06;268;268;1;1
781;2009;03424X0020/MDP172;2;0.0;0.0;268;268;0;0
782;2009;03424X0084/F;1;0.02041;0.02041;268;268;2;2
783;2009;03426X0022/F;1;0.03046;0.03046;268;268;3;3
784;2009;03431X0013/F;7;0.00722;0.03;6;270;0;2
785;2009;03453X0018/HY;3;0.0;0.0;84;272;0;0
786;2009;03454X0069/P1;3;0.0;0.0;83;272;0;0
787;2009;03466X0027/PE;2;0.0;0.0;272;272;0;0
788;2009;03468X0051/P1;3;0.0866666666667;0.14;45;272;0;3
789;2009;03474X0030/CAP;6;0.0583333333333;0.11;37;272;0;4
790;2009;03477X0011/HY;3;0.074;0.122;12;272;1;2
791;2009;03488X0025/P2;2;0.0;0.0;272;272;0;0
792;2009;03511X0004/P;5;0.0;0.0;272;272;0;0
793;2009;03531X0013/P;6;0.0583333333333;0.13;15;272;1;3
794;2009;03538X0005/P;5;0.0;0.0;272;272;0;0
795;2009;03556X0026/FEX;5;0.106;0.53;272;272;0;1
796;2009;03563X0025/F;6;0.035;0.15;16;272;0;1
797;2009;03577X0037/SECOUR;6;0.085;0.47;137;176;0;2
798;2009;03591X0033/P;2;0.0;0.0;176;176;0;0
799;2009;03591X0078/F;2;0.0;0.0;176;176;0;0
800;2009;03605X0503/SOURCE;5;0.336;0.69;176;176;1;6
801;2009;03605X0509/F;3;0.0;0.0;137;176;0;0
802;2009;03616X0003/FAEP;2;0.0;0.0;176;176;0;0
803;2009;03622X0001/FAEP;8;0.690625;0.87;22;176;2;5
804;2009;03622X0090/FAEP;3;0.0;0.0;176;176;0;0
805;2009;03627X0002/FAEP;5;0.202;0.25;176;176;2;2
806;2009;03631X0002/FAEP;6;0.015;0.09;92;176;0;2
807;2009;03642X0094/F3;1;0.0;0.0;234;234;0;0
808;2009;03646X0086/F1;2;0.0;0.0;176;176;0;0
809;2009;03653X0150/F3AEP;3;0.620666666667;0.677;89;236;5;5
810;2009;03661X0070/PAEP;4;0.178;0.198;89;236;2;4
811;2009;03666X0019/PAEP;2;0.1445;0.145;234;234;2;3
812;2009;03674X0001/PUITS;8;0.151625;0.226;233;236;2;3
813;2009;03675X0003/SOURCE;9;0.296444444444;0.355;233;236;3;6
814;2009;03677X0006/FORAGE;4;0.1355;0.511;234;236;0;3
815;2009;03677X0041/AEP;9;0.156333333333;0.231;233;236;1;2
816;2009;03677X0056/F1;2;0.0;0.0;234;234;0;0
817;2009;03678X0055/AEP;4;0.1085;0.124;234;236;2;2
818;2009;03681X0016/SN5;3;0.009;0.027;80;234;0;1
819;2009;03682X0036/AEP;4;0.17175;0.251;116;236;0;2
820;2009;03688X1004/PUITS;3;0.0;0.0;80;234;0;0
821;2009;03691X0031/FAEPE4;5;0.058;0.087;57;236;0;2
822;2009;03693X0005/SAEP;4;0.0095;0.038;234;236;0;1
823;2009;03694X0011/PAEP;2;0.1545;0.187;234;234;2;4
824;2009;03703X0003/S1;6;0.005;0.03;12;234;0;1
825;2009;03711X0001/AEP;10;0.0;0.0;118;236;0;0
826;2009;03713X0024/SAEP4;2;0.0535;0.054;234;234;1;1
827;2009;03725X0003/SAEPBU;2;0.0845;0.096;234;234;2;2
828;2009;03726X0045/SAEP;2;0.0;0.0;234;234;0;0
829;2009;03752X0032/HY;1;0.0;0.0;268;268;0;0
830;2009;03762X0070/HY;2;0.0;0.0;268;268;0;0
831;2009;03766X0009/P1;3;0.0;0.0;268;268;0;0
832;2009;03773X0086/HY;2;0.0;0.0;268;268;0;0
833;2009;03775X0007/HY;2;0.0;0.0;268;268;0;0
834;2009;03781X0026/S;2;0.0;0.0;268;268;0;0
835;2009;03782X0191/F;2;0.045;0.06;268;268;1;2
836;2009;03783X0161/F;2;0.015;0.03;268;268;0;1
837;2009;03784X0016/F;2;0.0;0.0;268;268;0;0
838;2009;03785X0097/F;1;0.1;0.1;268;268;4;4
839;2009;03786X0020/52A;2;0.040225;0.06045;268;268;1;3
840;2009;03786X0030/F;6;0.01337;0.03022;263;270;0;2
841;2009;03787X0101/PMT;5;0.10888;0.21;263;270;0;5
842;2009;03788X0033/F;1;0.0;0.0;268;268;0;0
843;2009;03788X0067/F;2;0.030125;0.06025;268;268;0;3
844;2009;03812X0025/S1;2;0.085;0.17;272;272;0;1
845;2009;03838X0017/P;3;0.0166666666667;0.05;37;272;0;3
846;2009;03847X0004/P;3;0.0366666666667;0.08;37;272;0;3
847;2009;03853X0011/HY;5;1.214;5.96;272;272;0;2
848;2009;03855X0002/HY;2;0.0;0.0;272;272;0;0
849;2009;03861X0055/P1;3;0.0;0.0;36;272;0;0
850;2009;03878X0165/P3;6;0.126666666667;0.71;15;272;0;2
851;2009;03885X0001/SOURC1;5;0.0;0.0;272;272;0;0
852;2009;03928X0051/F1;3;0.0;0.0;137;176;0;0
853;2009;03931X0005/SR;2;0.0;0.0;176;176;0;0
854;2009;03945X0010/SOURCE;5;0.068;0.09;176;176;1;2
855;2009;03947X0543/F4;5;0.0;0.0;176;176;0;0
856;2009;03951X0510/F;3;0.0;0.0;137;176;0;0
857;2009;03966X0002/FAEP;5;0.062;0.11;176;310;1;3
858;2009;03981X0140/F2AEP;2;0.0;0.0;176;176;0;0
859;2009;03991X0403/F;4;0.0875;0.18;176;176;1;2
860;2009;03992X0268/F3;4;0.065;0.26;176;234;0;1
861;2009;03994X0081/FAEP;2;0.0;0.0;89;234;0;0
862;2009;03995X0035/F;2;0.0;0.0;176;176;0;0
863;2009;04004X0147/FAEP;2;0.0;0.0;234;234;0;0
864;2009;04005X0097/FAEP;2;0.0;0.0;176;176;0;0
865;2009;04017X0001/SOURCE;10;0.0615;0.151;80;236;0;3
866;2009;04022X0053/F1;3;0.0676666666667;0.076;234;236;1;2
867;2009;04024X0004/PUITS;2;0.0105;0.021;234;234;0;1
868;2009;04028X0046/SOURCE;2;0.0;0.0;234;234;0;0
869;2009;04032X0024/SOURCE;7;0.304714285714;0.508;233;236;2;6
870;2009;04034X0006/AEP;1;0.0;0.0;234;234;0;0
871;2009;04035X0024/SOURCE;9;1.23511111111;1.594;233;236;3;5
872;2009;04038X0004/AEP;2;0.014;0.028;234;234;0;1
873;2009;04041X0003/SOURCE;11;0.678181818182;3.545;232;236;1;9
874;2009;04043X0003/SOURCE;7;0.158285714286;0.455;233;235;1;7
875;2009;04051X0001/AEP;9;0.0521111111111;0.097;233;236;1;3
876;2009;04057X0007/HY;9;0.189777777778;0.23;233;236;1;4
877;2009;04066X0014/AEP;9;0.111;0.91;118;236;0;1
878;2009;04073X0005/SO;2;0.0;0.0;234;234;0;0
879;2009;04075X0018/SAEP1;2;0.0;0.0;234;234;0;0
880;2009;04103X0068/PN;1;0.0;0.0;127;127;0;0
881;2009;04113X0003/S;1;0.0;0.0;127;127;0;0
882;2009;04124X0059/F;2;0.0;0.0;268;268;0;0
883;2009;04124X0158/F;5;0.00012;0.0006;1;268;0;1
884;2009;04128X0079/HY;6;0.143333333333;0.17;263;270;2;3
885;2009;04131X0138/P2;1;0.1;0.1;268;268;1;1
886;2009;04132X0191/PMT;1;0.0;0.0;268;268;0;0
887;2009;04133X0001/F;5;0.11952;0.14;263;270;2;5
888;2009;04134X0124/F;6;0.00666666666667;0.04;1;268;0;2
889;2009;04135X0060/F;1;0.00287;0.00287;268;268;2;2
890;2009;04135X0063/P1;2;0.01011;0.02;263;268;1;1
891;2009;04136X0263/P1;6;0.025;0.15;1;268;0;4
892;2009;04137X0179/PZ4;5;0.116938;0.16;263;270;2;4
893;2009;04138X0149/P3;2;0.04;0.08;268;268;0;2
894;2009;04191X0010/P;5;0.0;0.0;272;272;0;0
895;2009;04222X0092/L24;5;0.1094;0.367;272;272;0;4
896;2009;04225X0050/P2;2;0.025;0.05;272;272;0;1
897;2009;04236X0027/SI-1;5;0.706;0.96;272;272;3;4
898;2009;04243X0012/F3;5;0.012;0.03;176;176;0;1
899;2009;04266X0008/FAEP;5;0.028;0.04;176;176;1;1
900;2009;04268X0006/HYAEP;6;0.173333333333;0.25;21;176;2;4
901;2009;04278X0003/FAEP;6;0.11;0.17;176;201;1;3
902;2009;04286X0030/FAEP2;3;0.0;0.0;176;310;0;0
903;2009;04288X0023/F;9;0.435666666667;0.592;14;176;2;7
904;2009;04288X0067/F;5;0.184;0.37;176;176;1;5
905;2009;04291X0068/P;5;0.01;0.03;176;176;0;1
906;2009;04293X0007/HY;2;0.0;0.0;176;176;0;0
907;2009;04295X0017/F3;7;0.168142857143;0.26;14;310;1;3
908;2009;04302X0101/F;2;0.0;0.0;176;176;0;0
909;2009;04318X0017/HYAEP;5;0.0;0.0;176;176;0;0
910;2009;04322X0012/F1AEP;6;0.0395;0.067;89;176;1;2
911;2009;04332X0002/SOURCE;9;0.218333333333;0.444;232;236;2;5
912;2009;04342X0032/AEP;9;0.00477777777778;0.043;199;247;0;1
913;2009;04343X0006/SOURCE;9;0.013;0.025;233;236;0;1
914;2009;04347X0003/SOURCE;9;0.15;0.198;233;236;1;3
915;2009;04352X0006/SOURCE;8;0.010625;0.055;80;235;0;1
916;2009;04361X0004/SOURCE;9;0.0208888888889;0.095;233;236;0;2
917;2009;04365X0028/PUITS;2;0.0585;0.064;234;234;1;1
918;2009;04373X0026/SOURCE;10;0.0;0.0;118;236;0;0
919;2009;04376X0002/PUITS;5;0.0;0.0;118;236;0;0
920;2009;04377X0029/SOURCE;9;0.204111111111;1.126;111;236;0;3
921;2009;04381X0008/AEP;10;0.0615;0.31;119;236;0;2
922;2009;04394X1001/S;4;0.065;0.19;383;383;0;2
923;2009;04407X0007/S;4;1.25;2.36;383;383;5;18
924;2009;04408X0013/P;5;0.036;0.1;127;383;0;3
925;2009;04408X0025/S;4;0.475;0.66;383;383;4;5
926;2009;04411X0004/S;4;0.0475;0.13;383;383;1;2
927;2009;04413X0002/CN;4;0.1225;0.24;383;383;0;3
928;2009;04417X0001/S;5;0.22;0.41;127;383;3;3
929;2009;04418X0023/CN;4;0.25;0.81;383;383;1;6
930;2009;04421X0017/S;4;0.0175;0.05;383;383;0;2
931;2009;04425X0008/S;4;0.01;0.02;383;383;0;1
932;2009;04441X0026/111111;4;0.0;0.0;385;385;0;0
933;2009;04441X0301/PZ;4;0.17;0.17;385;385;3;4
934;2009;04446X0060/P;4;0.03;0.05;385;385;0;2
935;2009;04446X0061/P;4;0.03;0.05;385;385;0;2
936;2009;04446X0085/P1092;4;0.0;0.0;385;385;0;0
937;2009;04448X0029/S1;3;0.0;0.0;268;268;0;0
938;2009;04448X0030/SI;3;0.00666666666667;0.02;268;268;0;1
939;2009;04451X0148/F;7;0.0668885714286;0.11;49;270;1;3
940;2009;04452X0006/HY;3;0.2134;0.2302;268;268;2;3
941;2009;04453X0002/F1;2;0.030455;0.06;268;268;1;1
942;2009;04453X0038/HY;1;0.19;0.19;268;268;2;2
943;2009;04454X0142/F1;2;0.0;0.0;268;268;0;0
944;2009;04456X0020/F;6;0.365563333333;0.65;263;270;3;5
945;2009;04457X0009/S1;6;0.865116666667;1.3506;263;270;2;5
946;2009;04457X0023/F;6;0.220066666667;0.28;263;270;2;3
947;2009;04458X0059/F;3;0.05;0.06;268;268;1;2
948;2009;04461X0025/F;2;0.07537;0.1;268;268;3;4
949;2009;04494X0014/P;2;0.0;0.0;272;297;0;0
950;2009;04498X0018/F;2;0.025;0.05;272;272;0;1
951;2009;04502X0045/SGB2;2;0.135;0.14;272;272;1;2
952;2009;04503X0009/FS9;3;0.0;0.0;156;272;0;0
953;2009;04507X0043/SOURCE;2;0.06;0.12;272;272;0;1
954;2009;04513X0007/F1;15;0.086;0.15;109;288;0;2
955;2009;04514X0006/F1;15;0.062;0.15;109;272;0;4
956;2009;04514X0007/F2;15;1.24666666667;1.89;109;272;5;9
957;2009;04518X0045/MSM1;2;0.0;0.0;272;272;0;0
958;2009;04522X0014/S;2;0.0;0.0;272;272;0;0
959;2009;04538X0112/F;2;0.095;0.19;272;272;0;1
960;2009;04552X0070/F2;3;0.0466666666667;0.14;137;176;0;1
961;2009;04555X0083/P3;3;0.0;0.0;137;176;0;0
962;2009;04563X0024/HY;5;0.152;0.17;176;176;1;2
963;2009;04565X0027/AEP;5;0.02;0.05;176;176;0;1
964;2009;04568X0037/FAEP;5;0.14;0.21;71;176;1;3
965;2009;04572X0032/F2AEP;2;0.0;0.0;176;176;0;0
966;2009;04578X0278/PFAEP4;6;0.045;0.1;176;204;0;1
967;2009;04585X0190/FAEP;2;0.0;0.0;176;176;0;0
968;2009;04586X0007/F;5;0.0;0.0;176;176;0;0
969;2009;04592X0008/F2;2;0.0;0.0;176;176;0;0
970;2009;04595X0001/PAEP;5;0.178;0.44;176;176;2;3
971;2009;04622X0013/HYAEP;2;0.07;0.09;176;176;1;2
972;2009;04623X0013/FAEP;4;0.225;0.29;176;176;2;3
973;2009;04632X0002/FAEP;3;0.0;0.0;176;301;0;0
974;2009;04635X0012/HY22;4;0.005;0.02;176;176;0;1
975;2009;04641X1003/PAEP;5;0.028;0.06;176;176;0;1
976;2009;04651X0002/SOURCE;12;0.21775;0.306;116;235;0;3
977;2009;04654X0002/S1;10;0.0233;0.233;94;236;0;1
978;2009;04655X0006/SOURCE;10;0.0;0.0;94;236;0;0
979;2009;04657X0007/AEP;9;0.122666666667;0.15;94;235;2;2
980;2009;04661X0003/SOURCE;10;0.0112;0.054;80;235;0;1
981;2009;04663X0004/AEP;7;0.00328571428571;0.023;233;235;0;1
982;2009;04664X1010/AEP;2;0.0;0.0;234;234;0;0
983;2009;04687X0014/SOURCE;8;0.05525;0.155;233;236;0;2
984;2009;04694X0007/HY;4;0.0125;0.05;383;383;0;1
985;2009;04696X0009/SOURCE;4;0.0;0.0;383;383;0;0
986;2009;04702X0034/SOURCE;4;0.0125;0.05;383;383;0;2
987;2009;04703X0001/SOURCE;4;0.02;0.06;383;383;0;1
988;2009;04712X0024/S;5;0.026;0.11;90;383;0;1
989;2009;04712X0051/SCE;4;0.11;0.24;383;383;1;4
990;2009;04713X0018/P2;5;0.004;0.02;90;383;0;1
991;2009;04713X0143/F;5;0.026;0.05;127;383;0;2
992;2009;04716X0022/AEP;5;0.0418;0.059;127;383;1;1
993;2009;04722X0024/F;5;1.608;7.61;126;383;0;8
994;2009;04723X0013/S;5;0.01;0.05;127;383;0;1
995;2009;04725X0008/S;4;0.24;0.32;383;383;1;7
996;2009;04726X0011/S;4;0.0275;0.06;383;383;0;3
997;2009;04731X0002/S;4;0.005;0.02;383;383;0;1
998;2009;04738X0017/P;4;0.0;0.0;383;383;0;0
999;2009;04741X0035/P;3;0.0;0.0;383;383;0;0
1000;2009;04744X0315/PZC7;4;0.005;0.02;385;385;0;1
1001;2009;04748X0008/P;4;0.0375;0.08;383;383;0;1
1002;2009;04761X0035/HY;6;0.0;0.0;263;270;0;0
1003;2009;04762X0001/S1;6;4.16666666667e-05;0.00025;263;268;0;1
1004;2009;04762X0050/S2;6;0.0;0.0;263;270;0;0
1005;2009;04763X0025/HY;6;0.00833333333333;0.03;263;270;0;1
1006;2009;04807X0020/F;3;0.0;0.0;156;272;0;0
1007;2009;04816X0400/F;2;0.0;0.0;272;272;0;0
1008;2009;04818X0181/F2;2;0.0;0.0;272;272;0;0
1009;2009;04822X0046/F4-S4;3;0.0;0.0;137;272;0;0
1010;2009;04841X0004/F;5;0.388;1.69;272;272;0;3
1011;2009;04853X0079/P;6;0.0;0.0;137;176;0;0
1012;2009;04866X0034/FAEP;2;0.0;0.0;176;176;0;0
1013;2009;04875X0025/HYAEP;5;0.0;0.0;176;176;0;0
1014;2009;04878X0025/FAEP;5;0.0;0.0;176;176;0;0
1015;2009;04882X0001/PAEP2;5;0.222;0.31;176;176;2;4
1016;2009;04886X0011/HYAEP;5;0.418;0.64;176;176;2;4
1017;2009;04902X0037/F3;6;0.0;0.0;176;310;0;0
1018;2009;04903X0093/F2AEP;3;0.0;0.0;176;310;0;0
1019;2009;04911X0007/PAEP1;5;0.008;0.04;176;176;0;1
1020;2009;04916X0001/PAEP;3;0.11;0.18;176;301;0;3
1021;2009;04925X0007/PAEP3;5;0.018;0.04;176;176;0;1
1022;2009;04928X0007/FAEP;6;0.0451666666667;0.08;176;301;0;3
1023;2009;04933X0005/HYAEP;5;0.022;0.06;176;176;0;1
1024;2009;04933X0010/HYAEP;6;0.02;0.07;176;301;0;1
1025;2009;04937X0001/PCAEP;5;1.304;5.74;176;176;0;4
1026;2009;04941X0015/P;7;0.0471428571429;0.17;81;207;0;2
1027;2009;04961X0091/F2;3;0.0;0.0;93;234;0;0
1028;2009;04965X0024/AEP;8;0.015;0.12;94;235;0;1
1029;2009;04967X0008/P;4;0.0;0.0;234;236;0;0
1030;2009;04972X0011/ETUDE;6;0.0516666666667;0.1;232;236;1;2
1031;2009;04976X0017/ETUDE;2;0.0;0.0;234;234;0;0
1032;2009;04982X0009/SOURCE;8;0.02525;0.067;233;236;0;2
1033;2009;04984X0003/AEP;8;0.068875;0.204;233;236;0;1
1034;2009;04992X0005/AEP;6;0.00333333333333;0.02;122;383;0;2
1035;2009;04994X0223/F;4;4.125;5.6;385;385;12;12
1036;2009;04994X0225/F;4;1.0075;1.34;385;385;10;12
1037;2009;04994X0473/FORAGE;8;1.245;1.86;83;385;8;13
1038;2009;04995X0019/SOURCE;4;0.0425;0.08;383;383;0;2
1039;2009;04998X0093/AEP;7;0.698571428571;0.98;82;394;6;8
1040;2009;04998X0096/S;4;0.4;0.8;383;383;1;8
1041;2009;05002X0097/F;5;0.018;0.09;119;383;0;2
1042;2009;05003X0005/AEP;4;0.0;0.0;383;383;0;0
1043;2009;05005X0042/S-FOND;4;1.745;2.1;385;385;11;13
1044;2009;05005X0131/CG-21;4;0.0;0.0;2;385;0;0
1045;2009;05007X0046/S1;7;0.0285714285714;0.05;83;383;0;3
1046;2009;05025X0111/P1;4;0.0;0.0;383;405;0;0
1047;2009;05026X0063/P1;4;0.0;0.0;383;383;0;0
1048;2009;05031X0054/S;2;0.1305;0.131;333;333;2;2
1049;2009;05033X0027/P;4;0.01;0.02;383;383;0;1
1050;2009;05033X0049/CN;4;0.17;0.28;383;383;1;3
1051;2009;05068X0002/F2;2;0.0;0.0;272;272;0;0
1052;2009;05078X0003/P3;8;1.01375;1.39;112;272;4;8
1053;2009;05092X0025/PS16;5;0.022;0.11;272;272;0;1
1054;2009;05095X0042/P;2;0.0;0.0;272;272;0;0
1055;2009;05108X0501/F;5;0.0;0.0;272;272;0;0
1056;2009;05112X0004/F;5;0.078;0.25;272;272;0;1
1057;2009;05143X0088/S;5;0.222;0.31;176;176;2;4
1058;2009;05146X0001/P;6;0.163333333333;0.31;176;201;1;4
1059;2009;05154X0028/FAEP;6;0.285;0.39;176;199;2;4
1060;2009;05156X0010/PCAEP;6;0.055;0.08;176;201;0;2
1061;2009;05172X0007/HYAEP;6;0.0095;0.057;176;293;0;2
1062;2009;05187X0003/HYAEP;6;0.0;0.0;176;293;0;0
1063;2009;05196X0108/F2;5;0.268;1.06;176;176;0;7
1064;2009;05202X0010/FAEP1;5;0.026;0.04;176;176;0;1
1065;2009;05214X0001/SOURCE;3;0.0;0.0;93;176;0;0
1066;2009;05226X0001/SOURCE;2;0.0;0.0;176;176;0;0
1067;2009;05235X0004/F;3;0.0;0.0;94;176;0;0
1068;2009;05241X0024/AEP;6;0.245;0.275;232;236;2;3
1069;2009;05241X0029/AEP;2;0.0;0.0;234;234;0;0
1070;2009;05242X0009/SOURCE;2;0.04;0.08;272;272;0;1
1071;2009;05263X0066/FORAGE;1;0.0;0.0;118;118;0;0
1072;2009;05264X0033/SOURCE;7;1.69;2.36;84;395;8;13
1073;2009;05265X0007/AEP;4;0.6075;1.45;383;383;4;12
1074;2009;05266X0032/SOURCE;9;0.712222222222;1.01;83;383;5;11
1075;2009;05267X0044/AEP;1;0.1;0.1;119;119;3;3
1076;2009;05273X0088/PUITS;4;0.0325;0.05;383;383;1;2
1077;2009;05273X0089/PUITS;4;0.1125;0.19;383;383;0;3
1078;2009;05273X0129/F527;4;0.0;0.0;2;2;0;0
1079;2009;05273X0130/P527;4;0.0;0.0;2;2;0;0
1080;2009;05274X0224/PZ527;4;0.0;0.0;2;2;0;0
1081;2009;05274X0225/PZ527;4;0.0;0.0;2;2;0;0
1082;2009;05274X1127/PZN94;4;0.0;0.0;2;2;0;0
1083;2009;05276X0097/PUITS;4;0.2125;0.25;383;392;3;5
1084;2009;05278X1003/CC;4;0.3;0.41;383;383;4;6
1085;2009;05282X0097/P1;4;0.01;0.02;383;383;0;1
1086;2009;05282X0254/SCE;4;0.1675;0.29;385;385;1;7
1087;2009;05283X0077/P;4;0.0;0.0;383;383;0;0
1088;2009;05285X0372/P3;4;0.0;0.0;383;383;0;0
1089;2009;05342X0032/SF2;2;0.0;0.0;272;272;0;0
1090;2009;05344X0050/F;2;0.03;0.03;272;272;1;1
1091;2009;05347X0001/P1;2;0.02;0.04;272;272;0;1
1092;2009;05347X0017/P6;2;0.31;0.41;272;272;1;3
1093;2009;05353X0015/F;2;0.0;0.0;272;272;0;0
1094;2009;05367X0059/SR;4;0.0;0.0;149;272;0;0
1095;2009;05376X0008/P2;2;0.0;0.0;272;272;0;0
1096;2009;05382X0005/F1;4;0.005;0.02;64;272;0;1
1097;2009;05393X0003/F1;4;0.01;0.04;64;176;0;1
1098;2009;05402X0038/F9;3;0.0;0.0;68;176;0;0
1099;2009;05405X0001/SOURCE;10;0.067;0.11;64;176;0;2
1100;2009;05414X1002/PAEP;5;0.136;0.18;176;176;1;2
1101;2009;05417X0124/F;3;0.0;0.0;69;176;0;0
1102;2009;05424X0006/HYAEP;5;0.054;0.07;176;176;1;1
1103;2009;05432X0030/F3AEP;2;0.0;0.0;176;176;0;0
1104;2009;05434X0003/P1AEP;2;0.15;0.27;176;176;1;2
1105;2009;05446X0001/HYAEP;6;0.0;0.0;176;293;0;0
1106;2009;05446X0139/FAEP;6;0.0;0.0;176;293;0;0
1107;2009;05448X0023/HYAEP;7;0.00857142857143;0.03;176;293;0;1
1108;2009;05454X0062/FAEP;2;0.0;0.0;176;176;0;0
1109;2009;05458X0002/F2AEP;2;0.0;0.0;176;176;0;0
1110;2009;05461X0001/PCAEP;5;0.056;0.07;176;176;1;2
1111;2009;05475X0059/F2AEP;5;0.0;0.0;176;176;0;0
1112;2009;05478X0001/PCAEP;5;0.004;0.02;176;176;0;1
1113;2009;05486X1001/P;2;0.0;0.0;176;176;0;0
1114;2009;05488X0013/ETUDE;5;0.0;0.0;176;176;0;0
1115;2009;05495X0029/P;5;0.0;0.0;93;176;0;0
1116;2009;05531X0005/AEP;4;0.0;0.0;383;383;0;0
1117;2009;05537X0107/AEP;4;0.205;0.31;385;385;2;7
1118;2009;05541X0047/PUITS;4;0.06;0.08;383;383;1;2
1119;2009;05543X0023/AEP;3;0.343333333333;0.53;383;383;2;3
1120;2009;05573X0003/S;5;0.048;0.08;333;383;0;3
1121;2009;05573X0012/P;4;0.0;0.0;383;383;0;0
1122;2009;05573X0022/S3-C;4;0.0;0.0;383;383;0;0
1123;2009;05573X0120/FE3;4;0.0;0.0;383;383;0;0
1124;2009;05573X0134/F;4;0.365;0.46;383;383;5;6
1125;2009;05576X0002/F;4;0.0;0.0;383;383;0;0
1126;2009;05596X0081/F;2;0.0;0.0;272;272;0;0
1127;2009;05604X0200/BACHE;2;0.0;0.0;272;272;0;0
1128;2009;05615X0015/F;2;0.0;0.0;272;272;0;0
1129;2009;05617X0006/F;2;0.0;0.0;272;272;0;0
1130;2009;05625X0015/F5;2;0.08;0.16;272;272;0;1
1131;2009;05635X0152/F;2;0.04;0.04;272;272;1;1
1132;2009;05637X0005/P2;2;0.0;0.0;272;272;0;0
1133;2009;05638X0025/FORAGE;1;0.054;0.054;149;149;2;2
1134;2009;05662X0001/PUITS;4;0.01;0.02;64;176;0;1
1135;2009;05663X0001/PUITS;4;0.1165;0.16;64;176;2;3
1136;2009;05663X0067/F1;3;0.0;0.0;69;176;0;0
1137;2009;05672X0112/F;4;0.1525;0.22;64;176;1;2
1138;2009;05672X0163/F1;3;0.0;0.0;68;176;0;0
1139;2009;05675X0066/F;5;0.076;0.16;64;176;1;4
1140;2009;05678X0060/S;2;0.0;0.0;176;176;0;0
1141;2009;05695X0003/PAEP;9;0.0747777777778;0.11;14;176;1;2
1142;2009;05702X0012/P;2;1.365;1.87;176;176;6;7
1143;2009;05711X0008/FAEP;6;0.01;0.06;176;293;0;1
1144;2009;05728X0047/HY;5;0.01;0.03;176;176;0;1
1145;2009;05736X0002/P1;2;0.0;0.0;176;176;0;0
1146;2009;05737X0007/C;3;0.0;0.0;176;176;0;0
1147;2009;05737X0008/C;3;0.0;0.0;176;176;0;0
1148;2009;05748X0035/P4;3;0.0;0.0;2;272;0;0
1149;2009;05754X0040/EAU;5;0.0;0.0;272;272;0;0
1150;2009;05755X0079/F;2;0.125;0.13;272;272;1;1
1151;2009;05755X0087/S;2;0.0;0.0;272;272;0;0
1152;2009;05763X0008/AEP;3;0.0;0.0;94;272;0;0
1153;2009;05765X0010/F1;5;0.212;0.92;272;272;0;2
1154;2009;05772X0030/SOURCE;2;0.0;0.0;272;272;0;0
1155;2009;05781X0017/SOURCE;2;0.02;0.04;272;272;0;1
1156;2009;05796X0046/AEP;4;0.7675;0.88;383;383;3;4
1157;2009;05811X0100/P;4;0.0;0.0;383;383;0;0
1158;2009;05811X0121/P1;5;0.346;0.83;89;383;0;2
1159;2009;05811X0194/SPOMP;4;0.0725;0.09;383;383;1;3
1160;2009;05811X0195/PZ;4;0.0325;0.05;383;383;0;2
1161;2009;05812X0260/PZ16;4;0.58;0.89;383;383;4;9
1162;2009;05812X0261/F;4;0.0975;0.19;383;383;1;2
1163;2009;05846X0005/F1;2;0.0;0.0;272;272;0;0
1164;2009;05858X0116/F;5;0.193;0.37;149;272;1;4
1165;2009;05858X0290/F;5;0.2094;0.318;149;272;1;5
1166;2009;05867X0154/F;5;0.0314;0.127;149;272;0;2
1167;2009;05894X0054/HY;5;0.062;0.09;64;176;0;3
1168;2009;05895X0002/HYD;11;0.0145454545455;0.03;64;176;0;2
1169;2009;05895X0017/F;1;0.0;0.0;69;69;0;0
1170;2009;05903X0086/F;4;0.0625;0.08;64;176;1;1
1171;2009;05915X0018/F;5;0.0;0.0;64;176;0;0
1172;2009;05925X0001/HYD;5;0.0;0.0;64;176;0;0
1173;2009;05926X0002/PAEP;2;0.0;0.0;176;176;0;0
1174;2009;05927X0012/F;2;0.01;0.02;176;176;0;1
1175;2009;05933X0006/FAEP3;6;0.0;0.0;176;293;0;0
1176;2009;05943X0008/PFAEP1;5;0.2262;0.29;14;176;3;5
1177;2009;05947X0002/HYAEP;2;0.0;0.0;272;272;0;0
1178;2009;05962X0018/P5;5;0.0;0.0;272;272;0;0
1179;2009;05973X0003/F;2;0.055;0.11;272;272;0;1
1180;2009;05986X0077/S1;2;1.03;1.16;272;272;4;5
1181;2009;05997X1114/P3;5;0.0;0.0;272;272;0;0
1182;2009;06002X0016/HY;2;0.025;0.05;272;272;0;1
1183;2009;06008X0005/SOURCE;2;0.0;0.0;272;272;0;0
1184;2009;06014X0006/AEP;4;0.065;0.17;383;383;1;4
1185;2009;06014X0040/CN;3;0.56;1.68;383;383;0;4
1186;2009;06022X0016/SCE;4;0.0;0.0;383;383;0;0
1187;2009;06023X0059/F1410;4;0.015;0.02;383;383;0;1
1188;2009;06025X0004/AEP;4;0.0;0.0;383;383;0;0
1189;2009;06026X0005/P;4;0.315;0.52;383;383;2;8
1190;2009;06027X1026/PZ2;4;0.1025;0.23;383;383;1;3
1191;2009;06074X0069/HY;2;0.0;0.0;272;272;0;0
1192;2009;06074X0086/F3;5;0.1202;0.24;149;272;1;2
1193;2009;06102X0612/FORAGE;6;0.0;0.0;149;272;0;0
1194;2009;06106X0005/SOURCE;2;0.0;0.0;272;272;0;0
1195;2009;06107X0024/SOURCE;12;0.0558333333333;0.18;18;272;0;3
1196;2009;06114X0004/R;10;0.065;0.32;64;176;0;4
1197;2009;06124X0026/F;2;0.0;0.0;176;176;0;0
1198;2009;06128X0005/HYD;4;0.005;0.02;64;176;0;1
1199;2009;06133X0002/HYD;4;0.02;0.03;64;176;0;1
1200;2009;06134X0027/F;2;0.0;0.0;176;176;0;0
1201;2009;06142X0010/HYD;4;0.0;0.0;64;176;0;0
1202;2009;06167X0006/HY;2;0.0;0.0;272;272;0;0
1203;2009;06171X1001/HYAEP;2;0.0;0.0;272;272;0;0
1204;2009;06177X0003/HY;3;0.00566666666667;0.017;181;272;0;2
1205;2009;06187X0001/181;2;0.0;0.0;272;272;0;0
1206;2009;06191X0137/P16;5;0.0;0.0;272;272;0;0
1207;2009;06212X0058/LFN804;2;0.0;0.0;272;272;0;0
1208;2009;06216X0165/P4;2;0.06;0.08;272;272;1;2
1209;2009;06245X1001/SOURCE;2;0.0;0.0;272;272;0;0
1210;2009;06251X0045/SCE;4;0.06;0.11;383;383;0;2
1211;2009;06256X1052/AEP;4;0.04;0.1;383;383;1;3
1212;2009;06257X0002/320A;4;0.08;0.17;383;383;0;2
1213;2009;06268X0017/SCE;1;0.0;0.0;271;271;0;0
1214;2009;06276X1002/P2;1;0.0;0.0;299;299;0;0
1215;2009;06332X0002/F;2;0.0;0.0;272;272;0;0
1216;2009;06342X0019/P;7;0.00857142857143;0.06;17;272;0;1
1217;2009;06348X0006/F;4;0.0;0.0;64;65;0;0
1218;2009;06356X0008/8;5;0.01;0.05;64;272;0;1
1219;2009;06365X0003/SOURCE;4;0.02;0.08;64;65;0;1
1220;2009;06366X0007/F;5;0.028;0.04;18;65;0;2
1221;2009;06367X0135/F;2;0.0;0.0;17;65;0;0
1222;2009;06374X0001/F1;4;0.225;0.45;64;65;2;4
1223;2009;06378X0002/CORNAC;4;0.06;0.09;64;65;1;2
1224;2009;06384X0005/PUITS;5;0.024;0.04;64;176;0;2
1225;2009;06385X0001/F1;1;0.0;0.0;69;69;0;0
1226;2009;06385X0003/HYD;5;0.048;0.07;64;69;0;2
1227;2009;06392X0001/HY;2;0.0;0.0;272;272;0;0
1228;2009;06403X0011/HY;2;0.0;0.0;272;272;0;0
1229;2009;06411X0002/HY;2;0.045;0.05;272;272;1;1
1230;2009;06432X0018/HY;2;0.015;0.03;272;272;0;1
1231;2009;06447X0024/S;2;0.02;0.04;272;272;0;1
1232;2009;06451X0053/TX;2;0.02;0.04;272;272;0;1
1233;2009;06462X0092/F;2;0.0;0.0;272;272;0;0
1234;2009;06467X0211/D;3;0.00566666666667;0.017;272;390;0;7
1235;2009;06475X0007/F;2;0.0;0.0;272;272;0;0
1236;2009;06477X0026/S;2;0.0;0.0;272;272;0;0
1237;2009;06486X0005/S9B;6;0.035;0.14;272;331;0;1
1238;2009;06502X1042/PUITS;5;0.1408;0.19;87;383;3;5
1239;2009;06505X0078/F5;4;0.535;0.68;385;385;6;9
1240;2009;06512X0023/289A;4;0.0875;0.11;383;383;2;2
1241;2009;06512X0053/P2;4;0.035;0.04;383;383;1;2
1242;2009;06513X0028/F;4;0.0;0.0;2;2;0;0
1243;2009;06516X0024/211A;5;0.0166;0.043;269;299;0;2
1244;2009;06517X0011/F;4;0.1375;0.24;383;383;0;5
1245;2009;06518X0028/F;4;0.2975;0.37;383;383;3;5
1246;2009;06526X0067/P;4;0.0;0.0;269;269;0;0
1247;2009;06541X0006/PI1;3;0.0;0.0;87;237;0;0
1248;2009;06542X0073/SCE1;3;0.0;0.0;87;237;0;0
1249;2009;06581X0514/F2BRI;4;0.0;0.0;64;65;0;0
1250;2009;06583X0526/PB3;4;0.0;0.0;64;65;0;0
1251;2009;06586X0013/G;4;0.215;0.46;64;65;1;6
1252;2009;06601X0001/F;5;0.0;0.0;17;65;0;0
1253;2009;06608X0034/PUITS;14;0.0971428571429;0.22;64;90;0;4
1254;2009;06608X0093/F;1;0.0;0.0;68;68;0;0
1255;2009;06617X0009/HY;9;0.0877777777778;0.14;38;89;1;5
1256;2009;06626X0029/SOURCE;4;0.0;0.0;64;65;0;0
1257;2009;06651X0041/HY;2;0.265;0.53;272;272;0;1
1258;2009;06685X0505/HY;2;0.0;0.0;272;272;0;0
1259;2009;06695X0020/S;2;0.0;0.0;272;272;0;0
1260;2009;06697X0099/ERH;2;0.25;0.25;272;272;1;1
1261;2009;06707X0332/P;3;0.016;0.048;27;272;0;1
1262;2009;06711X0017/162;2;0.0;0.0;272;272;0;0
1263;2009;06738X0013/SO;4;0.4525;0.53;383;383;4;6
1264;2009;06741X0008/692A;4;0.1725;0.22;385;385;3;5
1265;2009;06741X0134/SCE;4;0.6525;0.82;383;383;4;5
1266;2009;06744X0003/P2;5;0.0;0.0;269;299;0;0
1267;2009;06745X0204/SCE;4;2.4925;2.91;383;383;11;12
1268;2009;06746X0076/105A;4;0.169;0.276;383;383;2;6
1269;2009;06756X0054/HY;4;0.3175;0.47;383;383;5;7
1270;2009;06757X0009/F;4;0.01325;0.053;269;269;0;1
1271;2009;06757X0064/P;12;0.00275;0.033;14;299;0;2
1272;2009;06758X0060/202B;4;0.0;0.0;383;383;0;0
1273;2009;06775X0022/P;1;0.0;0.0;339;339;0;0
1274;2009;06778X0056/F5;4;0.0;0.0;2;2;0;0
1275;2009;06818X0523/F;4;0.0;0.0;64;65;0;0
1276;2009;06818X0524/F;4;0.0;0.0;64;65;0;0
1277;2009;06823X0008/SOURCE;6;0.0516666666667;0.09;18;65;0;3
1278;2009;06828X0021/F;4;0.3775;0.45;64;65;1;4
1279;2009;06831X0001/HY;4;0.065;0.09;64;65;1;1
1280;2009;06831X0030/S;2;0.0;0.0;17;17;0;0
1281;2009;06832X0004/HY;10;0.192;0.62;64;65;2;5
1282;2009;06832X0016/S;3;0.0533333333333;0.11;18;65;1;4
1283;2009;06833X0002/F;4;0.0275;0.05;64;65;0;1
1284;2009;06835X0009/HY;14;0.134285714286;0.22;18;65;1;5
1285;2009;06838X0007/BURIE;4;0.54;0.67;64;65;4;6
1286;2009;06842X0004/F2;4;0.005;0.02;64;65;0;1
1287;2009;06861X0004/HY;5;0.026;0.09;64;68;0;1
1288;2009;06865X0009/F;4;0.2275;0.28;64;65;1;3
1289;2009;06867X0001/SOURCE;5;0.0;0.0;64;65;0;0
1290;2009;06883X0148/HY;2;0.015;0.03;272;272;0;1
1291;2009;06884X0009/HY;2;0.015;0.03;272;272;0;1
1292;2009;06898X0021/HY;3;0.0;0.0;2;272;0;0
1293;2009;06925X0010/S;2;0.0;0.0;272;272;0;0
1294;2009;06931X0050/HY;2;0.0;0.0;272;272;0;0
1295;2009;06936X0202/604;2;0.0;0.0;272;272;0;0
1296;2009;06938X0198/P101;1;0.0;0.0;27;27;0;0
1297;2009;06945X0297/S;2;0.325;0.34;272;272;1;2
1298;2009;06983X0137/P;4;0.125;0.15;383;383;2;4
1299;2009;06984C0012/376A;4;0.475;0.71;383;383;3;6
1300;2009;06984X0025/HY;1;0.0;0.0;299;299;0;0
1301;2009;06987F0130/P1;4;0.0;0.0;2;78;0;0
1302;2009;06987H0064/F;2;0.0;0.0;2;2;0;0
1303;2009;06988X0047/S;8;0.0;0.0;3;302;0;0
1304;2009;06988X0215/P;4;0.02525;0.04;77;78;0;1
1305;2009;06988X0218/F;4;0.01025;0.021;77;78;0;1
1306;2009;06991X0002/P;4;0.0925;0.37;383;383;0;2
1307;2009;06991X0179/S2;5;0.2626;0.43;299;383;2;3
1308;2009;06992X0035/S2;5;0.2004;0.33;299;383;2;4
1309;2009;06992X0108/378A;4;0.53;0.77;383;383;3;5
1310;2009;06993X0099/SR1;4;0.2425;0.33;385;385;3;4
1311;2009;06994X0042/SCE;2;0.01;0.02;383;383;0;1
1312;2009;06995C0266/F;4;0.01;0.04;2;78;0;1
1313;2009;06995X0033/S;2;0.2725;0.34;77;78;4;4
1314;2009;06995X0137/P2;4;0.0575;0.08;385;385;2;3
1315;2009;06996A0084/F;5;0.02;0.03;56;383;0;1
1316;2009;06996X0001/F;4;0.105;0.16;383;383;3;4
1317;2009;06996X0104/F;5;0.18;0.31;57;383;1;3
1318;2009;06997X0196/SCE;4;0.6625;0.98;383;383;3;5
1319;2009;07001X0271/403A;5;0.0;0.0;269;299;0;0
1320;2009;07002X0020/SCE;1;0.116;0.116;269;269;1;1
1321;2009;07011X0108/PZ;1;0.0;0.0;269;269;0;0
1322;2009;07013X0011/F225A;2;0.0;0.0;85;236;0;0
1323;2009;07014X0028/F;2;0.0;0.0;85;236;0;0
1324;2009;07018X0112/S138A;1;0.035;0.035;89;89;1;1
1325;2009;07054X0011/111111;4;0.0;0.0;64;65;0;0
1326;2009;07061X0054/F;1;0.0;0.0;17;17;0;0
1327;2009;07068X0006/HY;4;0.0;0.0;64;65;0;0
1328;2009;07072X0005/HY;7;0.0842857142857;0.13;18;65;0;3
1329;2009;07078X0005/5;4;0.3125;0.49;64;65;2;6
1330;2009;07081X0507/F;3;0.206666666667;0.26;64;68;3;6
1331;2009;07082X0031/HYD;13;0.156153846154;0.24;38;80;1;6
1332;2009;07083X0100/82;6;0.075;0.12;64;90;1;5
1333;2009;07084X0002/F;5;0.048;0.09;64;68;1;3
1334;2009;07086X0004/F;5;0.05;0.07;64;68;0;2
1335;2009;07093X0066/HY;10;0.038;0.11;64;65;0;2
1336;2009;07096X0021/FORGE;10;0.297;0.47;64;65;2;5
1337;2009;07102X0503/HY;5;0.048;0.1;64;68;0;3
1338;2009;07108X0002/F;2;0.17;0.18;12;12;2;2
1339;2009;07157X0010/F;2;0.0;0.0;21;21;0;0
1340;2009;07163X0015/S;2;0.0;0.0;272;272;0;0
1341;2009;07174X0185/737-2;2;0.0;0.0;272;272;0;0
1342;2009;07188X0001/HY;2;0.0;0.0;272;272;0;0
1343;2009;07191X0007/2807;2;0.0;0.0;272;272;0;0
1344;2009;07203X0165/CPT;5;0.0;0.0;272;272;0;0
1345;2009;07208X0203/CPT;8;0.0;0.0;2;329;0;0
1346;2009;07221X0017/P4;4;0.0175;0.03;383;383;0;1
1347;2009;07222D0216/A26-1;3;0.17;0.48;385;385;0;2
1348;2009;07222G0089/F15;3;0.0;0.0;2;2;0;0
1349;2009;07222X0396/F;4;0.0;0.0;2;2;0;0
1350;2009;07224A0145/S1;4;0.0;0.0;2;78;0;0
1351;2009;07224X0052/S;4;0.0;0.0;77;78;0;0
1352;2009;07226A0261/N5;5;0.0;0.0;2;302;0;0
1353;2009;07226X0322/CPT;4;0.0;0.0;302;383;0;0
1354;2009;07227X0002/F;4;0.0;0.0;2;2;0;0
1355;2009;07228X0006/S7;4;0.005;0.02;383;383;0;1
1356;2009;07228X0008/P;5;0.04;0.07;56;383;0;2
1357;2009;07231X0265/P;4;0.9205;1.6;77;78;1;2
1358;2009;07232X0004/F;9;0.179444444444;0.72;30;384;0;4
1359;2009;07234X0014/F;1;0.0;0.0;56;56;0;0
1360;2009;07235X0006/P;5;0.044;0.07;56;383;0;2
1361;2009;07235X0008/P;5;0.26;0.45;56;383;0;4
1362;2009;07235X0011/F;5;0.028;0.09;56;383;0;2
1363;2009;07236X0028/P;5;1.11;1.8;10;383;1;4
1364;2009;07236X0031/HY;5;0.022;0.04;56;383;0;1
1365;2009;07237X0077/P;5;0.246;0.33;56;383;1;4
1366;2009;07238X0043/F3;5;0.052;0.16;56;383;0;3
1367;2009;07256X0046/F1;1;0.0;0.0;93;93;0;0
1368;2009;07265X0006/F;1;0.0;0.0;93;93;0;0
1369;2009;07294X0012/F;1;0.0;0.0;94;94;0;0
1370;2009;07303X0003/HY;16;0.09375;0.14;18;65;1;4
1371;2009;07305X0049/G2;1;0.0;0.0;94;94;0;0
1372;2009;07315X0002/HY;12;0.0591666666667;0.11;18;65;1;2
1373;2009;07316X0027/F;1;0.0;0.0;17;17;0;0
1374;2009;07318X0007/F4;5;0.3;0.34;64;65;4;6
1375;2009;07334X0508/SOURCE;13;0.507692307692;0.72;64;89;2;8
1376;2009;07334X0511/F2;6;0.2;0.29;64;89;1;6
1377;2009;07338X0501/P;3;0.0833333333333;0.14;64;69;1;6
1378;2009;07346X0013/HY;2;0.355;0.42;12;12;3;4
1379;2009;07348X0015/F;1;0.02;0.02;143;143;1;1
1380;2009;07357X0005/F;2;0.0;0.0;12;12;0;0
1381;2009;07361X0002/HY;2;0.04;0.05;12;12;1;1
1382;2009;07374X0002/S1;2;0.0;0.0;21;21;0;0
1383;2009;07415X0016/003917;2;0.0;0.0;272;272;0;0
1384;2009;07421X0075/P1;2;0.0;0.0;272;272;0;0
1385;2009;07441X0004/CPT;2;0.0;0.0;272;272;0;0
1386;2009;07445X0049/CPT;2;0.0;0.0;272;272;0;0
1387;2009;07463X0006/P;4;0.09;0.13;383;383;2;3
1388;2009;07463X0037/318A;4;0.04;0.05;383;383;1;2
1389;2009;07463X0054/F;4;0.03;0.03;383;383;1;1
1390;2009;07466X0001/S;5;0.9818;1.5;12;383;4;10
1391;2009;07466X0047/HY;5;0.184;0.3;57;383;2;2
1392;2009;07466X0061/P;5;0.074;0.16;56;385;0;2
1393;2009;07468X0012/P;5;0.0;0.0;56;383;0;0
1394;2009;07471X0001/P;4;0.0325;0.06;383;383;1;2
1395;2009;07471X0005/S;5;0.028;0.05;56;383;0;1
1396;2009;07471X0006/HY;4;0.1125;0.14;383;383;1;3
1397;2009;07472X0017/P2;4;0.185;0.29;383;383;2;3
1398;2009;07474X0005/P;5;0.1574;0.27;57;383;1;3
1399;2009;07474X0010/P;4;0.05;0.08;383;383;1;2
1400;2009;07475X0004/HY;4;0.465;0.51;383;383;4;7
1401;2009;07476X0021/S;3;0.223333333333;0.3;383;383;2;3
1402;2009;07477X0017/S2;3;0.33;0.36;383;383;3;3
1403;2009;07478X0013/F;4;0.0325;0.05;56;383;0;2
1404;2009;07478X0041/I;4;0.125;0.21;57;383;2;4
1405;2009;07481X0031/293K;4;0.555;0.73;383;383;2;3
1406;2009;07482X0032/F;5;0.138;0.22;56;383;0;3
1407;2009;07482X0033/HY;4;0.195;0.31;383;383;2;3
1408;2009;07486X0031/S;5;0.1386;0.22;57;383;2;3
1409;2009;07488X0011/F;1;0.0;0.0;56;56;0;0
1410;2009;07496X0007/38446A;1;0.0;0.0;56;56;0;0
1411;2009;07552X0003/P1;3;0.0;0.0;21;94;0;0
1412;2009;07555X0101/F;2;0.0;0.0;21;21;0;0
1413;2009;07564X0501/SOURCE;5;0.01;0.05;64;68;0;3
1414;2009;07571X0581/SOURCE;4;0.2725;0.38;64;65;1;2
1415;2009;07573X0001/HY;1;0.02;0.02;68;68;2;2
1416;2009;07577X0017/HY;2;0.12;0.12;12;12;1;1
1417;2009;07578X0038/P;2;0.25;0.27;12;12;1;1
1418;2009;07582X0005/HY;2;0.12;0.15;12;12;1;2
1419;2009;07583X0003/HY;2;0.065;0.07;12;12;1;1
1420;2009;07588X0009/ABIME;3;0.07;0.08;12;144;1;2
1421;2009;07593X0004/HY;2;0.07;0.09;12;12;1;1
1422;2009;07595X0022/F;1;0.0;0.0;143;143;0;0
1423;2009;07596X0010/F;2;0.035;0.05;12;12;1;1
1424;2009;07597X0006/F;2;0.04;0.04;12;12;1;1
1425;2009;07621X0013/F2;2;0.2;0.27;21;21;1;1
1426;2009;07655X0020/502;2;0.0;0.0;272;272;0;0
1427;2009;07662X0235/C;2;0.0;0.0;272;272;0;0
1428;2009;07675X0002/HY;2;0.0;0.0;272;272;0;0
1429;2009;07702X0129/P;4;0.22;0.39;383;383;2;4
1430;2009;07702X0239/S2;4;0.335;0.76;2;385;0;8
1431;2009;07702X0240/TQ07;4;0.0175;0.07;2;385;0;3
1432;2009;07702X0241/P;2;0.13;0.17;385;385;3;3
1433;2009;07703X0051/S;2;0.315;0.35;382;383;4;5
1434;2009;07704X0082/F;4;0.145;0.31;1;383;0;3
1435;2009;07704X0087/P2;4;0.115;0.14;382;383;2;4
1436;2009;07706X0091/S1;13;0.600769230769;0.95;3;383;3;5
1437;2009;07711X0007/F;3;0.3;0.34;383;383;3;3
1438;2009;07711X0030/F;5;0.1424;0.21;10;383;1;4
1439;2009;07711X0034/F;4;0.1225;0.16;56;383;1;3
1440;2009;07712X0007/S;3;0.34;0.43;383;383;3;4
1441;2009;07713X0020/F;4;0.06;0.12;57;383;0;3
1442;2009;07722X0058/S2;5;0.024;0.04;56;383;0;1
1443;2009;07725X0032/HY;5;0.038;0.16;56;383;0;2
1444;2009;07781X0014/F8;2;0.0;0.0;21;21;0;0
1445;2009;07792X0006/F;3;0.0;0.0;21;94;0;0
1446;2009;07803X0004/HY;7;0.0;0.0;17;65;0;0
1447;2009;07821X0001/SOURCE;2;0.045;0.07;12;12;1;2
1448;2009;07823X0004/HY;3;0.0633333333333;0.09;12;144;1;2
1449;2009;07835X0011/HY;2;0.0;0.0;12;12;0;0
1450;2009;07844X0002/HY;2;0.0;0.0;12;12;0;0
1451;2009;07844X0003/P;3;0.00666666666667;0.02;12;136;0;1
1452;2009;07847X0001/HY;2;0.01;0.02;12;12;0;1
1453;2009;07855X0032/HY;2;0.0305;0.036;21;21;1;2
1454;2009;07857X0001/HY;2;0.0;0.0;21;21;0;0
1455;2009;07857X0219/111111;2;0.0;0.0;21;21;0;0
1456;2009;07864X0001/HY;2;0.0;0.0;21;21;0;0
1457;2009;07885X0032/3236;3;0.0;0.0;21;180;0;0
1458;2009;07888X0023/S;2;0.0;0.0;21;21;0;0
1459;2009;07891X0018/S;2;0.0;0.0;272;272;0;0
1460;2009;07915X0007/C;2;0.0;0.0;272;272;0;0
1461;2009;07916X0007/SCE;3;0.0;0.0;8;272;0;0
1462;2009;07926X0050/C;3;0.0;0.0;3;272;0;0
1463;2009;07931X0015/001214;3;0.0;0.0;3;272;0;0
1464;2009;07942X0287/F;11;0.0436363636364;0.07;10;10;0;1
1465;2009;07947X0045/PUITS;4;0.31;0.36;383;383;2;4
1466;2009;07948X0049/F;4;0.23;0.92;383;383;0;3
1467;2009;07951X0002/F1;4;0.0;0.0;383;383;0;0
1468;2009;07953X0009/F;1;0.0;0.0;56;56;0;0
1469;2009;07953X0105/SCE;3;0.0;0.0;2;2;0;0
1470;2009;07954X0002/HY2;1;0.0;0.0;56;56;0;0
1471;2009;07955X0099/P1;4;0.55;1.22;383;383;1;6
1472;2009;07955X0109/F1;4;0.0;0.0;382;383;0;0
1473;2009;07955X0110/P1;4;0.055;0.07;382;383;1;1
1474;2009;07956X0037/D;4;0.545;0.98;382;383;4;6
1475;2009;07964X0321/HY;1;0.0;0.0;56;56;0;0
1476;2009;07964X0335/F;4;1.1075;1.87;2;385;0;8
1477;2009;07975X0075/PUITS1;1;0.0;0.0;56;56;0;0
1478;2009;08035X0006/S;4;0.01175;0.027;21;94;0;2
1479;2009;08042X0006/F;2;0.0;0.0;21;21;0;0
1480;2009;08058X0092/P1;2;0.176;0.2;21;21;5;6
1481;2009;08062X0020/F;1;0.0;0.0;143;143;0;0
1482;2009;08066X0019/F;2;0.0;0.0;12;12;0;0
1483;2009;08073X0017/HY;2;0.0;0.0;12;12;0;0
1484;2009;08074X0005/HY;2;0.01;0.02;12;12;0;1
1485;2009;08085X0023/P;3;0.00666666666667;0.02;12;143;0;1
1486;2009;08086X0022/HY;2;0.38;0.39;12;12;4;4
1487;2009;08091X0006/HY;2;0.0235;0.04;24;24;1;3
1488;2009;08094X0017/F;2;0.063;0.083;24;24;2;2
1489;2009;08097X0012/HY;2;0.0;0.0;24;24;0;0
1490;2009;08138X0210/S;2;0.0;0.0;21;21;0;0
1491;2009;08151X0006/C;2;0.11;0.22;272;272;0;1
1492;2009;08163X0010/C;2;0.0;0.0;272;272;0;0
1493;2009;08165X0002/SCE;2;0.0;0.0;272;272;0;0
1494;2009;08183X0242/SMAL01;4;0.295;0.35;383;383;2;4
1495;2009;08184X0065/P;4;0.67;0.74;382;383;3;4
1496;2009;08184X0066/DRAIN;4;0.835;1.07;383;383;5;5
1497;2009;08187X0162/P;6;0.213333333333;0.41;1;383;1;3
1498;2009;08187X0239/F;4;0.1925;0.23;382;383;2;3
1499;2009;08188X0052/F2;4;0.0;0.0;383;383;0;0
1500;2009;08188X0055/F;4;0.425;0.56;382;383;3;4
1501;2009;08191X0021/D;5;0.206;0.32;1;383;1;4
1502;2009;08191X0060/D;4;0.43;0.49;382;383;3;4
1503;2009;08192X0017/F;4;0.0;0.0;382;383;0;0
1504;2009;08261X0030/F;1;0.0;0.0;94;94;0;0
1505;2009;08264X0086/F;3;0.0;0.0;1;21;0;0
1506;2009;08272X0058/F;2;0.03;0.04;94;94;2;2
1507;2009;08277X0166/F2;3;0.072;0.114;21;94;2;4
1508;2009;08285X0024/F;2;0.8345;0.852;21;21;6;6
1509;2009;08287X0004/SOURCE;4;0.51225;1.085;1;21;0;7
1510;2009;08312X0010/HY;2;0.0;0.0;12;12;0;0
1511;2009;08316X0001/SOURCE;2;0.0;0.0;12;12;0;0
1512;2009;08323X0201/HY;2;0.0795;0.091;24;24;3;3
1513;2009;08326X0004/HY;2;0.0;0.0;12;12;0;0
1514;2009;08326X0006/F;1;0.02;0.02;136;136;1;1
1515;2009;08327X0007/HY;3;0.0126666666667;0.038;24;115;0;2
1516;2009;08332X0009/HY;2;0.0025;0.005;25;25;0;1
1517;2009;08332X0010/HY;2;0.0;0.0;24;24;0;0
1518;2009;08332X0011/HY;3;0.0;0.0;24;115;0;0
1519;2009;08341X0011/HY;2;0.0495;0.058;24;24;1;1
1520;2009;08352X0002/C;2;0.018;0.03;21;21;1;1
1521;2009;08375X0201/HY;2;0.0;0.0;21;21;0;0
1522;2009;08423X0051/P;4;0.0;0.0;383;383;0;0
1523;2009;08423X0078/PZ20;3;0.0;0.0;383;383;0;0
1524;2009;08424X0033/F;4;0.03;0.07;382;383;0;1
1525;2009;08427X0035/F;4;0.0;0.0;382;383;0;0
1526;2009;08428X0003/HY;5;0.104;0.13;1;383;1;1
1527;2009;08461X0003/SOU;1;0.0;0.0;209;209;0;0
1528;2009;08494X0072/F2;2;0.0;0.0;21;21;0;0
1529;2009;08501X0086/F2;1;0.0;0.0;94;94;0;0
1530;2009;08504X0004/F1;1;0.0;0.0;94;94;0;0
1531;2009;08515X0006/F2;1;0.0;0.0;94;94;0;0
1532;2009;08521X0231/P2;3;0.005;0.015;21;94;0;1
1533;2009;08523X0095/F2;1;0.0;0.0;94;94;0;0
1534;2009;08524X0046/F;2;0.263;0.309;21;21;5;5
1535;2009;08535X0020/F;1;0.0;0.0;16;16;0;0
1536;2009;08536X0133/P4;2;0.0125;0.025;21;21;0;1
1537;2009;08558X0205/HY;2;0.0115;0.023;24;24;0;1
1538;2009;08558X0206/HY;3;0.00166666666667;0.005;22;46;0;1
1539;2009;08558X0208/HY;4;0.1375;0.496;22;116;0;2
1540;2009;08565X0007/F;4;0.03675;0.093;22;115;0;4
1541;2009;08567X0021/F;3;0.0823333333333;0.131;26;50;0;5
1542;2009;08567X0028/HY;3;0.0106666666667;0.032;24;115;0;1
1543;2009;08574X0020/HY;2;0.0;0.0;24;24;0;0
1544;2009;08577X0029/HY;2;0.0;0.0;25;25;0;0
1545;2009;08587X0008/HY;3;0.008;0.024;21;115;0;1
1546;2009;08605X0007/HY;3;0.0;0.0;15;115;0;0
1547;2009;08612X0205/BNOIR1;2;0.0;0.0;21;21;0;0
1548;2009;08614X0009/RESSEN;2;0.0;0.0;21;21;0;0
1549;2009;08626X0014/BERNAD;1;0.0;0.0;15;15;0;0
1550;2009;08627X0009/SO;2;0.01;0.013;21;21;1;1
1551;2009;08636X0016/PIERRE;2;0.0;0.0;21;21;0;0
1552;2009;08661X0152/P;4;0.1075;0.36;383;383;0;2
1553;2009;08663X0050/P;5;0.018;0.03;1;383;0;1
1554;2009;08663X0123/D;12;0.485833333333;0.92;4;383;4;6
1555;2009;08666X0161/PUITS;2;0.66;1.14;383;383;3;3
1556;2009;08764X0005/F;1;0.0;0.0;94;94;0;0
1557;2009;08782X0005/P;2;0.0195;0.039;21;21;0;3
1558;2009;08801X0003/F;2;0.0;0.0;24;24;0;0
1559;2009;08811X0050/F;2;0.0;0.0;24;24;0;0
1560;2009;08814X0011/HY;2;0.0;0.0;24;24;0;0
1561;2009;08848X0007/HY;2;0.0;0.0;21;21;0;0
1562;2009;08851X0009/HY;1;0.0;0.0;15;15;0;0
1563;2009;08854X0004/ROCAYS;1;0.0;0.0;15;15;0;0
1564;2009;08854X0015/S;1;0.0;0.0;15;15;0;0
1565;2009;08857X0010/HY;1;0.0;0.0;15;15;0;0
1566;2009;08858X0210/S;1;0.0;0.0;15;15;0;0
1567;2009;08866X0047/BURLE;1;0.0;0.0;15;15;0;0
1568;2009;08866X0055/S;2;0.0;0.0;21;21;0;0
1569;2009;08867X0064/CASBC1;1;0.0;0.0;15;15;0;0
1570;2009;08901X0119/F1;4;0.01;0.02;383;383;0;1
1571;2009;08904X0026/FO;3;1.79333333333;2.18;383;383;6;8
1572;2009;08904X1005/F;4;0.0;0.0;382;383;0;0
1573;2009;08904X1011/F;4;0.0;0.0;382;383;0;0
1574;2009;08907X0017/F;3;0.76;1.5;383;383;1;5
1575;2009;08907X1009/P;4;0.0275;0.11;382;383;0;1
1576;2009;08907X1013/F2;4;0.0;0.0;382;383;0;0
1577;2009;08908X0006/D;12;0.49;1.45;2;384;2;5
1578;2009;08911X0014/HY;4;0.405;0.43;383;383;2;5
1579;2009;08935X0074/P;1;0.0;0.0;209;209;0;0
1580;2009;08977X0036/P;2;0.0;0.0;19;19;0;0
1581;2009;09007X0047/PZ;2;0.0;0.0;19;19;0;0
1582;2009;09022X0009/F;1;0.0;0.0;16;16;0;0
1583;2009;09036X0136/F;2;2.4065;3.194;21;21;6;7
1584;2009;09043X0001/F;2;0.0305;0.036;24;24;1;1
1585;2009;09052X0002/HY;2;0.0035;0.007;21;21;0;1
1586;2009;09058X0022/HY;2;0.0;0.0;21;21;0;0
1587;2009;09061X0005/HY;2;0.0;0.0;21;21;0;0
1588;2009;09065X0008/F;2;0.0;0.0;21;21;0;0
1589;2009;09094X0215/IRONSE;2;0.0;0.0;21;21;0;0
1590;2009;09098X0081/HY;3;0.0;0.0;15;115;0;0
1591;2009;09101X0281/FPROFO;2;0.0;0.0;21;21;0;0
1592;2009;09105X0009/HY;1;0.0;0.0;15;15;0;0
1593;2009;09134X0225/CELETE;4;2.4075;3.48;383;383;5;6
1594;2009;09134X0236/PTSQE;4;0.0;0.0;383;383;0;0
1595;2009;09136X0015/F1;4;1.61;1.69;383;383;6;7
1596;2009;09138X0061/RPBLQ;4;0.0;0.0;383;383;0;0
1597;2009;09141X0045/P;6;0.0;0.0;1;383;0;0
1598;2009;09143X0117/P;3;0.533333333333;0.7;383;383;2;5
1599;2009;09143X0129/P;4;0.645;0.84;383;383;2;4
1600;2009;09147X0140/PU;5;0.0;0.0;101;383;0;0
1601;2009;09147X0144/P;3;0.526666666667;0.79;383;383;3;4
1602;2009;09155X0102/F;4;0.235;0.94;383;383;0;2
1603;2009;09185X0011/F;4;0.0;0.0;383;383;0;0
1604;2009;09236X0008/F1;2;0.04;0.05;19;19;1;2
1605;2009;09245X0019/F3;2;0.0;0.0;19;19;0;0
1606;2009;09257X0043/P;2;0.0;0.0;19;19;0;0
1607;2009;09261X0010/N2;1;0.0;0.0;39;39;0;0
1608;2009;09294X0199/F;2;0.2535;0.264;21;21;4;4
1609;2009;09301X0050/F;1;0.176;0.176;21;21;4;4
1610;2009;09303X0139/F;2;0.0955;0.191;21;21;0;3
1611;2009;09308X0118/F;2;0.3255;0.401;21;21;5;6
1612;2009;09335X0120/F;2;0.042;0.045;21;21;3;3
1613;2009;09352X0026/HY;1;0.0;0.0;15;15;0;0
1614;2009;09353X0002/HY;1;0.0;0.0;15;15;0;0
1615;2009;09355X0014/HY;1;0.0;0.0;15;15;0;0
1616;2009;09357X0018/HY;1;0.0;0.0;15;15;0;0
1617;2009;09357X0022/HY;1;0.0;0.0;15;15;0;0
1618;2009;09365X0019/HY;2;0.0;0.0;15;115;0;0
1619;2009;09381X0069/AEP;4;0.0475;0.15;383;383;0;4
1620;2009;09382X0021/CARDE;4;0.2675;0.4;383;383;2;7
1621;2009;09382X0042/ESSAI;4;0.3225;0.4;383;383;3;5
1622;2009;09383X0008/NERS1;4;1.2225;3.92;383;383;2;4
1623;2009;09388X0063/TERRE;3;0.82;1.11;383;383;4;5
1624;2009;09397X0059/PONT;4;0.03;0.12;383;383;0;2
1625;2009;09401X0222/AEP;1;0.0;0.0;107;107;0;0
1626;2009;09403X0183/F;5;0.0;0.0;101;383;0;0
1627;2009;09403X0185/F;4;0.0375;0.15;383;383;0;1
1628;2009;09406X0583/P;6;0.0533333333333;0.12;99;383;0;3
1629;2009;09411X0228/F;4;0.3275;0.5;383;383;3;8
1630;2009;09411X0255/F;4;0.035;0.12;383;383;0;2
1631;2009;09411X0256/F;4;0.0;0.0;383;383;0;0
1632;2009;09411X0257/F;4;0.195;0.22;383;383;2;4
1633;2009;09411X0258/F;4;0.24;0.34;383;383;2;4
1634;2009;09433X0092/P;4;0.0;0.0;385;385;0;0
1635;2009;09436X0041/P;4;0.09;0.09;385;385;1;2
1636;2009;09436X0141/F;4;0.43;0.61;383;383;4;6
1637;2009;09438X0003/SOU;4;0.21;0.38;383;383;1;3
1638;2009;09438X0006/HY;4;5.825;8.8;383;383;1;1
1639;2009;09438X0013/F;4;0.005;0.02;383;383;0;1
1640;2009;09506X0048/P1;2;0.0;0.0;19;19;0;0
1641;2009;09506X0059/S;2;0.04;0.04;19;19;1;1
1642;2009;09508X0055/D2;1;0.27;0.27;19;19;1;1
1643;2009;09513X0048/S;2;0.175;0.22;19;19;2;3
1644;2009;09514X0015/F2;1;0.04;0.04;19;19;1;1
1645;2009;09514X0040/F;2;0.0;0.0;19;19;0;0
1646;2009;09518X0021/F1;2;0.0;0.0;19;19;0;0
1647;2009;09521X0003/SOURCE;2;0.125;0.15;19;19;2;3
1648;2009;09521X0064/S;5;0.484;0.65;21;40;4;4
1649;2009;09523X0001/HY;3;0.0759;0.1947;23;118;0;5
1650;2009;09525X0006/PUITS;6;0.185;0.25;21;40;2;4
1651;2009;09526X0090/F;5;0.608;0.87;21;40;4;4
1652;2009;09526X0212/F;3;0.048;0.102;23;118;0;3
1653;2009;09531X0006/HY;2;0.0;0.0;23;23;0;0
1654;2009;09562X0016/F;2;0.246;0.267;21;21;3;4
1655;2009;09562X0226/F;2;0.0335;0.034;21;21;1;2
1656;2009;09567X0253/F;2;0.226;0.232;21;21;2;4
1657;2009;09574X0026/F;1;0.246;0.246;118;118;5;5
1658;2009;09586X0006/HY;2;0.116;0.118;21;21;3;3
1659;2009;09595X0003/HY;2;0.036;0.036;21;21;2;2
1660;2009;09614X0036/GL;1;0.0;0.0;15;15;0;0
1661;2009;09615X0033/HY;2;0.0;0.0;15;114;0;0
1662;2009;09625X0234/SO;1;0.0;0.0;108;108;0;0
1663;2009;09632X0162/BRISSA;1;0.0;0.0;372;372;0;0
1664;2009;09645X0002/SO;1;0.0;0.0;372;372;0;0
1665;2009;09646X0058/FP2;4;0.005;0.02;383;383;0;1
1666;2009;09648X0008/P;4;0.06;0.12;383;383;1;2
1667;2009;09651X0009/S;4;0.21;0.31;383;383;1;4
1668;2009;09652X0152/F;5;0.476;0.97;108;383;4;5
1669;2009;09653X0235/S1;4;0.2575;0.31;383;383;2;2
1670;2009;09653X0261/61079;4;0.115;0.19;383;383;0;3
1671;2009;09654X0367/P;4;0.055;0.22;383;383;0;1
1672;2009;09655X0241/F2;4;0.28;0.34;383;383;3;4
1673;2009;09656X0099/P;4;0.265;0.34;383;383;2;5
1674;2009;09656X0107/S;5;0.19;0.31;108;383;3;5
1675;2009;09661X0065/P;1;0.0;0.0;77;77;0;0
1676;2009;09662X0235/F;4;0.0;0.0;383;383;0;0
1677;2009;09662X0239/F;4;0.0;0.0;383;383;0;1
1678;2009;09663X0233/FOR3;1;0.0;0.0;84;84;0;0
1679;2009;09663X0266/F;4;0.0;0.0;383;383;0;0
1680;2009;09664X0176/F;6;0.0;0.0;102;383;0;0
1681;2009;09675X0070/P;5;0.01;0.03;102;383;0;2
1682;2009;09693X0027/SOU;4;0.78;1.67;383;383;3;5
1683;2009;09695X0141/P5;6;0.0;0.0;72;385;0;0
1684;2009;09696X0033/HY;6;0.0566666666667;0.09;8;383;1;2
1685;2009;09698X0012/F;6;0.378333333333;0.97;8;383;1;3
1686;2009;09701X0016/P;4;0.1125;0.26;383;383;0;4
1687;2009;09761X0040/F8;2;0.0;0.0;19;19;0;0
1688;2009;09767X0010/F1;5;0.016;0.05;21;38;0;1
1689;2009;09767X0033/F2;5;0.058;0.11;21;40;0;2
1690;2009;09767X0037/F3;5;0.112;0.26;21;38;1;3
1691;2009;09767X0058/F;4;0.1325;0.21;21;21;1;2
1692;2009;09771X0160/F5S;1;0.0;0.0;39;39;0;0
1693;2009;09771X0314/F;2;0.035;0.07;19;19;0;2
1694;2009;09774X0026/F1;4;0.035;0.05;19;39;0;1
1695;2009;09781X0007/F;3;0.176666666667;0.32;21;21;1;4
1696;2009;09781X0009/F;4;0.1825;0.3;21;21;2;4
1697;2009;09781X0010/S;5;0.034;0.05;21;40;1;1
1698;2009;09781X0013/F;2;0.04;0.04;21;38;1;1
1699;2009;09781X0015/P219;5;0.052;0.1;21;40;1;2
1700;2009;09782X0006/P1;5;0.092;0.16;21;61;1;3
1701;2009;09782X0013/F4;2;0.045;0.06;19;19;1;1
1702;2009;09782X0016/F3;1;0.15;0.15;19;19;2;2
1703;2009;09782X0019/F;5;0.036;0.06;21;38;0;1
1704;2009;09783X0002/FACR3;5;0.004;0.02;21;38;0;1
1705;2009;09783X0022/F;5;0.082;0.11;19;38;2;2
1706;2009;09783X0033/F;4;0.005;0.02;21;21;0;1
1707;2009;09792X0207/F2;2;0.05;0.06;19;19;2;2
1708;2009;09793X0009/F;2;0.0935;0.187;23;23;0;2
1709;2009;09805X0030/F;2;0.0;0.0;23;23;0;0
1710;2009;09857X0102/F;2;0.248;0.271;21;21;3;4
1711;2009;09858X0233/F;2;0.025;0.037;21;21;1;1
1712;2009;09882X0208/FONCAU;2;0.0;0.0;107;108;0;0
1713;2009;09888X0093/DOUZES;1;0.0;0.0;108;108;0;0
1714;2009;09894X0077/DRAC;2;0.06;0.12;108;372;0;2
1715;2009;09897X0058/F2;4;0.0;0.0;372;372;0;0
1716;2009;09898X0017/PESQUI;1;0.0;0.0;373;373;0;0
1717;2009;09903X0004/S;8;0.03375;0.12;108;383;0;3
1718;2009;09907X0364/MAURIN;3;0.0;0.0;2;2;0;0
1719;2009;09908X0201/P;4;0.0;0.0;383;385;0;0
1720;2009;09908X0375/F3;5;0.0528;0.174;2;375;0;5
1721;2009;09911X0272/AEP;4;0.0;0.0;372;373;0;0
1722;2009;09911X0275/GARBAS;5;0.248;0.377;108;373;2;5
1723;2009;09911X0280/F;4;0.1875;0.25;383;383;1;4
1724;2009;09912X0239/P;4;0.47;0.97;383;383;6;9
1725;2009;09913X0094/P1;5;0.162;0.24;108;383;3;6
1726;2009;09913X0400/RASCLA;5;0.0;0.0;108;373;0;0
1727;2009;09913X0429/F2;4;0.0;0.0;372;373;0;0
1728;2009;09914X0137/P;3;0.743333333333;0.85;383;383;2;5
1729;2009;09914X0266/F;4;0.34;0.44;383;383;5;7
1730;2009;09915X0198/VINCEN;4;0.125;0.17;383;383;1;4
1731;2009;09915X0199/SALINA;4;0.1525;0.17;383;383;1;2
1732;2009;09915X0217/VIALA;4;0.865;1.14;383;383;4;8
1733;2009;09916X0087/AEP;4;0.145;0.303;372;373;0;4
1734;2009;09916X0102/ANCETT;4;2.105;2.78;383;383;5;6
1735;2009;09917X0191/CEMM;4;0.2025;0.34;383;383;3;5
1736;2009;09917X0197/SERRE;4;0.11;0.21;383;383;2;4
1737;2009;09921X0029/CAMBON;5;0.05;0.13;108;383;1;4
1738;2009;09922X0228/S;4;0.165;0.18;383;383;3;4
1739;2009;09951X0072/P41;4;0.05;0.15;383;383;0;4
1740;2009;09957X0065/F;4;0.0;0.0;383;383;0;0
1741;2009;09993X0014/HY;4;0.00525;0.021;2;208;0;2
1742;2009;09995X0086/PDR7;4;0.0;0.0;383;383;0;0
1743;2009;09996X0299/SOU2;3;0.0;0.0;2;2;0;0
1744;2009;09997X0262/F;3;0.0;0.0;2;2;0;0
1745;2009;09998X0178/F;1;0.0;0.0;208;208;0;0
1746;2009;10014X0007/F1;2;0.0;0.0;19;19;0;0
1747;2009;10014X0036/F;3;0.0;0.0;63;73;0;0
1748;2009;10024X0044/D4;2;0.0;0.0;19;19;0;0
1749;2009;10031X0017/F;2;0.0;0.0;19;19;0;0
1750;2009;10033X0067/F;2;0.0;0.0;86;86;0;0
1751;2009;10035X0009/F2;2;0.0;0.0;72;73;0;0
1752;2009;10035X0010/F3;2;0.0;0.0;73;73;0;0
1753;2009;10035X0012/F5;2;0.0;0.0;73;73;0;0
1754;2009;10045X0183/P;2;0.7395;0.901;82;86;6;7
1755;2009;10046X0136/PZ;2;0.0;0.0;73;73;0;0
1756;2009;10061X0027/F;3;0.03;0.049;21;116;0;2
1757;2009;10092X0191/F;2;0.2235;0.328;21;21;3;4
1758;2009;10097X0288/HY;2;0.2255;0.229;21;21;2;2
1759;2009;10121X0013/F;1;0.0;0.0;117;117;0;0
1760;2009;10132X0203/SOULIE;2;0.0;0.0;21;21;0;0
1761;2009;10133X0001/S;1;0.0;0.0;373;373;0;0
1762;2009;10133X0018/COUMAY;1;0.0;0.0;108;108;0;0
1763;2009;10138X0010/S;1;0.0;0.0;108;108;0;0
1764;2009;10142X0022/S;1;0.0;0.0;373;373;0;0
1765;2009;10147X0053/SE7;3;0.0;0.0;372;372;0;0
1766;2009;10147X0075/LIMBAR;4;0.42;0.53;383;383;3;3
1767;2009;10148X0021/BASSAN;4;0.5075;1.56;383;383;2;5
1768;2009;10148X0029/CLOTAL;4;0.86;1.11;383;383;5;6
1769;2009;10153X0060/PLAINE;5;0.0;0.0;108;373;0;0
1770;2009;10153X0061/BOYNE;5;0.0;0.0;108;383;0;0
1771;2009;10153X0074/CTSO;7;0.0775714285714;0.343;372;383;0;1
1772;2009;10162X0010/ISKA;4;0.045;0.18;383;383;0;1
1773;2009;10193X0087/F;1;0.0;0.0;77;77;0;0
1774;2009;10202X0111/F;3;0.0;0.0;383;383;0;0
1775;2009;10202X0122/P;4;0.3525;0.55;383;383;0;7
1776;2009;10202X0142/P;4;0.8625;1.03;383;383;3;4
1777;2009;10202X0143/P;4;0.01;0.02;383;383;0;1
1778;2009;10202X0144/P;4;0.4525;1.66;383;383;1;2
1779;2009;10202X0146/P;3;0.28;0.32;383;383;3;4
1780;2009;10202X0148/P;4;0.3575;0.43;383;383;2;3
1781;2009;10241X0170/F2;1;0.0;0.0;80;80;0;0
1782;2009;10247X0175/F;5;0.0;0.0;80;383;0;0
1783;2009;10263X0014/ERH;3;0.0;0.0;63;73;0;0
1784;2009;10272X0012/SOURCE;1;0.0;0.0;73;73;0;0
1785;2009;10292X0110/P;2;0.2915;0.342;86;86;4;5
1786;2009;10293X0151/F;1;0.164;0.164;73;73;2;2
1787;2009;10293X0152/P;2;0.1865;0.2;73;86;2;2
1788;2009;10293X0153/F;2;0.02;0.04;73;86;0;1
1789;2009;10293X0154/PZ;1;0.082;0.082;73;73;2;2
1790;2009;10294X0129/F;2;0.2575;0.283;73;86;2;3
1791;2009;10295X0003/ERH;3;0.0;0.0;63;86;0;0
1792;2009;10305X0083/S1;2;0.0;0.0;73;73;0;0
1793;2009;10305X0228/F;2;0.0;0.0;73;73;0;0
1794;2009;10305X0229/F;2;0.0;0.0;73;86;0;0
1795;2009;10305X0231/F;2;0.0;0.0;73;73;0;0
1796;2009;10305X0232/F;2;0.0;0.0;73;73;0;0
1797;2009;10305X0234/PZ;2;0.209;0.306;86;86;2;3
1798;2009;10305X0235/PZ;2;0.0;0.0;73;73;0;0
1799;2009;10306X0036/F1;3;0.0;0.0;63;75;0;0
1800;2009;10306X0245/F;2;0.0;0.0;73;73;0;0
1801;2009;10306X0246/F;2;0.212;0.331;86;86;3;3
1802;2009;10306X0247/F;2;0.0385;0.077;86;88;0;2
1803;2009;10311X0008/F;3;0.226333333333;0.312;21;116;3;4
1804;2009;10316X0021/F;9;0.0357777777778;0.125;6;116;0;3
1805;2009;10338X0128/F;2;0.1195;0.13;21;21;3;3
1806;2009;10362X0021/F2;1;0.0;0.0;108;108;0;0
1807;2009;10383X0025/111111;2;0.0;0.0;108;364;0;0
1808;2009;10388X0010/111111;4;0.2275;0.3;383;383;2;3
1809;2009;10391X0010/S;1;0.0;0.0;108;108;0;0
1810;2009;10394X0085/P1;4;0.0;0.0;383;383;0;0
1811;2009;10396X0081/MOUS5;4;0.03;0.06;383;383;0;3
1812;2009;10396X0141/171;4;0.3175;0.77;383;383;0;6
1813;2009;10403X0227/P11;4;0.0;0.0;383;383;0;0
1814;2009;10403X0312/CAILAN;7;0.0614285714286;0.2;372;383;0;2
1815;2009;10443X0156/HY;1;0.0;0.0;77;77;0;0
1816;2009;10443X0289/HY;4;0.0;0.0;2;2;0;0
1817;2009;10446X0066/P;4;0.0;0.0;2;2;0;0
1818;2009;10452X0153/HY;1;0.0;0.0;80;80;0;0
1819;2009;10492X0021/SOURCE;1;0.0;0.0;73;73;0;0
1820;2009;10495X0006/S;2;0.0;0.0;73;73;0;0
1821;2009;10508X0004/ERH;2;0.0;0.0;73;76;0;0
1822;2009;10514X0014/ERH;2;0.0;0.0;73;73;0;0
1823;2009;10516X0005/ERH;2;0.0;0.0;73;76;0;0
1824;2009;10517X0013/ERH;3;0.0;0.0;63;76;0;0
1825;2009;10518X0016/ERH;2;0.0;0.0;73;73;0;0
1826;2009;10522X0030/ERH;2;0.0;0.0;73;73;0;0
1827;2009;10522X0193/PZ;2;0.0;0.0;73;73;0;0
1828;2009;10524X0011/F;2;0.2105;0.26;21;21;2;2
1829;2009;10525X0005/ERH;2;0.0;0.0;73;73;0;0
1830;2009;10536X0057/HY;4;0.0;0.0;21;116;0;0
1831;2009;10546X0005/F;2;0.0;0.0;21;21;0;0
1832;2009;10548X0002/F;3;0.00233333333333;0.007;21;115;0;1
1833;2009;10577X0125/F;3;0.0;0.0;21;21;0;0
1834;2009;10585X0027/F;3;0.009;0.027;21;21;0;1
1835;2009;10601X0005/111111;5;0.084;0.25;108;383;0;2
1836;2009;10603X0022/AEP;1;0.0;0.0;108;108;0;0
1837;2009;10644X0008/P;4;0.1825;0.26;383;383;1;3
1838;2009;10644X0070/F;6;0.1775;0.32;80;383;2;5
1839;2009;10644X0074/P;4;0.195;0.5;383;383;0;1
1840;2009;10651X0289/G1TER;4;0.0;0.0;383;383;0;0
1841;2009;10651X0297/P;4;0.0;0.0;383;383;0;0
1842;2009;10703X0006/HY;2;0.0;0.0;21;21;0;0
1843;2009;10721X0012/HY;2;0.0;0.0;21;21;0;0
1844;2009;10722X0015/HY;2;0.0;0.0;21;21;0;0
1845;2009;10731X0014/HY;2;0.0;0.0;21;21;0;0
1846;2009;10732X0106/HY;2;0.0;0.0;21;21;0;0
1847;2009;10734X0010/HY;3;0.0;0.0;21;21;0;0
1848;2009;10734X0011/HY;3;0.0;0.0;21;21;0;0
1849;2009;10756X0017/HY;3;0.0;0.0;21;21;0;0
1850;2009;10762X0062/HY;3;0.00566666666667;0.01;21;21;0;1
1851;2009;10766X0089/HY;3;0.0;0.0;21;21;0;0
1852;2009;10795X0001/S;4;0.165;0.31;383;383;2;3
1853;2009;10863X0033/HY;2;0.0;0.0;21;21;0;0
1854;2009;10902X0002/S;4;0.2225;0.29;379;383;3;4
1855;2009;10903X0026/PENE;5;0.243;0.38;105;383;2;5
1856;2009;10906X0027/LIRIU;4;0.0;0.0;379;383;0;0
1857;2009;10912X0059/F1N3;1;0.0;0.0;105;105;0;0
1858;2009;10915X0349/CAVE;4;0.0525;0.07;383;383;1;3
1859;2009;10915X0350/JACQUE;4;0.0;0.0;383;383;0;0
1860;2009;10953X0022/GORNER;1;0.0;0.0;105;105;0;0
1861;2009;10961X0030/GRABAS;2;0.01;0.02;383;383;0;1
1862;2009;10963X0018/111111;5;0.0;0.0;105;383;0;0
1863;2009;10963X0041/RIPOLL;1;0.0;0.0;105;105;0;0
1864;2009;10971X0200/MACHER;4;0.0275;0.03;383;383;1;1
1865;2009;10972X0084/111111;1;0.0;0.0;105;105;0;0
1866;2009;10972X0151/F6;5;0.0;0.0;105;383;0;0
1867;2009;10982X0003/SEGRE;4;0.005;0.02;383;383;0;1
1868;2009;11013X0002/F;5;0.1234;0.18;105;383;2;4
